Sex,Planning Area,Age Group,Population,Pop_Proportion
Female,Ang Mo Kio,0 - 4,3310,3.65%
Female,Ang Mo Kio,5 - 9,3790,4.18%
Female,Ang Mo Kio,10 - 14,4100,4.52%
Female,Ang Mo Kio,15 - 19,4600,5.07%
Female,Ang Mo Kio,20 - 24,5180,5.71%
Female,Ang Mo Kio,25 - 29,5810,6.41%
Female,Ang Mo Kio,30 - 34,6450,7.11%
Female,Ang Mo Kio,35 - 39,6890,7.60%
Female,Ang Mo Kio,40 - 44,7100,7.83%
Female,Ang Mo Kio,45 - 49,6670,7.36%
Female,Ang Mo Kio,50 - 54,7020,7.74%
Female,Ang Mo Kio,55 - 59,7130,7.86%
Female,Ang Mo Kio,60 - 64,6950,7.67%
Female,Ang Mo Kio,65 - 69,5810,6.41%
Female,Ang Mo Kio,70 - 74,3600,3.97%
Female,Ang Mo Kio,75 - 79,2800,3.09%
Female,Ang Mo Kio,80 - 84,1910,2.11%
Female,Ang Mo Kio,85 & Over,1540,1.70%
Female,Bedok,0 - 4,5760,3.88%
Female,Bedok,5 - 9,6670,4.49%
Female,Bedok,10 - 14,7290,4.91%
Female,Bedok,15 - 19,8160,5.49%
Female,Bedok,20 - 24,9630,6.48%
Female,Bedok,25 - 29,9990,6.72%
Female,Bedok,30 - 34,10090,6.79%
Female,Bedok,35 - 39,11100,7.47%
Female,Bedok,40 - 44,11670,7.85%
Female,Bedok,45 - 49,10850,7.30%
Female,Bedok,50 - 54,11870,7.99%
Female,Bedok,55 - 59,11860,7.98%
Female,Bedok,60 - 64,10570,7.11%
Female,Bedok,65 - 69,8570,5.77%
Female,Bedok,70 - 74,4890,3.29%
Female,Bedok,75 - 79,4080,2.75%
Female,Bedok,80 - 84,2850,1.92%
Female,Bedok,85 & Over,2700,1.82%
Female,Bishan,0 - 4,1630,3.50%
Female,Bishan,5 - 9,2030,4.36%
Female,Bishan,10 - 14,2230,4.78%
Female,Bishan,15 - 19,2610,5.60%
Female,Bishan,20 - 24,3280,7.04%
Female,Bishan,25 - 29,3250,6.97%
Female,Bishan,30 - 34,3030,6.50%
Female,Bishan,35 - 39,3190,6.84%
Female,Bishan,40 - 44,3740,8.02%
Female,Bishan,45 - 49,3600,7.72%
Female,Bishan,50 - 54,4070,8.73%
Female,Bishan,55 - 59,3960,8.50%
Female,Bishan,60 - 64,3230,6.93%
Female,Bishan,65 - 69,2520,5.41%
Female,Bishan,70 - 74,1460,3.13%
Female,Bishan,75 - 79,1180,2.53%
Female,Bishan,80 - 84,840,1.80%
Female,Bishan,85 & Over,760,1.63%
Female,Boon Lay,0 - 4,0,
Female,Boon Lay,5 - 9,0,
Female,Boon Lay,10 - 14,0,
Female,Boon Lay,15 - 19,0,
Female,Boon Lay,20 - 24,0,
Female,Boon Lay,25 - 29,0,
Female,Boon Lay,30 - 34,0,
Female,Boon Lay,35 - 39,0,
Female,Boon Lay,40 - 44,0,
Female,Boon Lay,45 - 49,0,
Female,Boon Lay,50 - 54,0,
Female,Boon Lay,55 - 59,0,
Female,Boon Lay,60 - 64,0,
Female,Boon Lay,65 - 69,0,
Female,Boon Lay,70 - 74,0,
Female,Boon Lay,75 - 79,0,
Female,Boon Lay,80 - 84,0,
Female,Boon Lay,85 & Over,0,
Female,Bukit Batok,0 - 4,2680,3.79%
Female,Bukit Batok,5 - 9,3450,4.88%
Female,Bukit Batok,10 - 14,3950,5.58%
Female,Bukit Batok,15 - 19,4560,6.45%
Female,Bukit Batok,20 - 24,5030,7.11%
Female,Bukit Batok,25 - 29,5240,7.41%
Female,Bukit Batok,30 - 34,5120,7.24%
Female,Bukit Batok,35 - 39,5250,7.42%
Female,Bukit Batok,40 - 44,5690,8.04%
Female,Bukit Batok,45 - 49,5720,8.09%
Female,Bukit Batok,50 - 54,6170,8.72%
Female,Bukit Batok,55 - 59,5860,8.29%
Female,Bukit Batok,60 - 64,4600,6.50%
Female,Bukit Batok,65 - 69,2990,4.23%
Female,Bukit Batok,70 - 74,1600,2.26%
Female,Bukit Batok,75 - 79,1190,1.68%
Female,Bukit Batok,80 - 84,890,1.26%
Female,Bukit Batok,85 & Over,740,1.05%
Female,Bukit Merah,0 - 4,3540,4.40%
Female,Bukit Merah,5 - 9,3720,4.62%
Female,Bukit Merah,10 - 14,3230,4.01%
Female,Bukit Merah,15 - 19,3440,4.27%
Female,Bukit Merah,20 - 24,3880,4.82%
Female,Bukit Merah,25 - 29,4820,5.98%
Female,Bukit Merah,30 - 34,5880,7.30%
Female,Bukit Merah,35 - 39,6760,8.39%
Female,Bukit Merah,40 - 44,6470,8.03%
Female,Bukit Merah,45 - 49,5540,6.88%
Female,Bukit Merah,50 - 54,5550,6.89%
Female,Bukit Merah,55 - 59,5790,7.19%
Female,Bukit Merah,60 - 64,5700,7.08%
Female,Bukit Merah,65 - 69,5460,6.78%
Female,Bukit Merah,70 - 74,3590,4.46%
Female,Bukit Merah,75 - 79,3110,3.86%
Female,Bukit Merah,80 - 84,2050,2.55%
Female,Bukit Merah,85 & Over,2010,2.50%
Female,Bukit Panjang,0 - 4,3550,5.07%
Female,Bukit Panjang,5 - 9,3770,5.39%
Female,Bukit Panjang,10 - 14,4130,5.90%
Female,Bukit Panjang,15 - 19,4620,6.60%
Female,Bukit Panjang,20 - 24,5050,7.22%
Female,Bukit Panjang,25 - 29,5610,8.02%
Female,Bukit Panjang,30 - 34,5410,7.73%
Female,Bukit Panjang,35 - 39,5210,7.45%
Female,Bukit Panjang,40 - 44,5760,8.23%
Female,Bukit Panjang,45 - 49,5320,7.60%
Female,Bukit Panjang,50 - 54,5900,8.43%
Female,Bukit Panjang,55 - 59,5150,7.36%
Female,Bukit Panjang,60 - 64,3870,5.53%
Female,Bukit Panjang,65 - 69,2570,3.67%
Female,Bukit Panjang,70 - 74,1450,2.07%
Female,Bukit Panjang,75 - 79,1110,1.59%
Female,Bukit Panjang,80 - 84,780,1.11%
Female,Bukit Panjang,85 & Over,700,1.00%
Female,Bukit Timah,0 - 4,1600,4.01%
Female,Bukit Timah,5 - 9,2640,6.62%
Female,Bukit Timah,10 - 14,2560,6.42%
Female,Bukit Timah,15 - 19,2560,6.42%
Female,Bukit Timah,20 - 24,2660,6.67%
Female,Bukit Timah,25 - 29,2340,5.87%
Female,Bukit Timah,30 - 34,2090,5.24%
Female,Bukit Timah,35 - 39,2770,6.95%
Female,Bukit Timah,40 - 44,3580,8.98%
Female,Bukit Timah,45 - 49,3300,8.27%
Female,Bukit Timah,50 - 54,3050,7.65%
Female,Bukit Timah,55 - 59,2780,6.97%
Female,Bukit Timah,60 - 64,2340,5.87%
Female,Bukit Timah,65 - 69,2020,5.07%
Female,Bukit Timah,70 - 74,1240,3.11%
Female,Bukit Timah,75 - 79,1040,2.61%
Female,Bukit Timah,80 - 84,680,1.71%
Female,Bukit Timah,85 & Over,630,1.58%
Female,Central Water Catchment,0 - 4,0,
Female,Central Water Catchment,5 - 9,0,
Female,Central Water Catchment,10 - 14,0,
Female,Central Water Catchment,15 - 19,0,
Female,Central Water Catchment,20 - 24,0,
Female,Central Water Catchment,25 - 29,0,
Female,Central Water Catchment,30 - 34,0,
Female,Central Water Catchment,35 - 39,0,
Female,Central Water Catchment,40 - 44,0,
Female,Central Water Catchment,45 - 49,0,
Female,Central Water Catchment,50 - 54,0,
Female,Central Water Catchment,55 - 59,0,
Female,Central Water Catchment,60 - 64,0,
Female,Central Water Catchment,65 - 69,0,
Female,Central Water Catchment,70 - 74,0,
Female,Central Water Catchment,75 - 79,0,
Female,Central Water Catchment,80 - 84,0,
Female,Central Water Catchment,85 & Over,0,
Female,Changi,0 - 4,90,7.26%
Female,Changi,5 - 9,120,9.68%
Female,Changi,10 - 14,100,8.06%
Female,Changi,15 - 19,70,5.65%
Female,Changi,20 - 24,70,5.65%
Female,Changi,25 - 29,60,4.84%
Female,Changi,30 - 34,100,8.06%
Female,Changi,35 - 39,130,10.48%
Female,Changi,40 - 44,140,11.29%
Female,Changi,45 - 49,100,8.06%
Female,Changi,50 - 54,60,4.84%
Female,Changi,55 - 59,50,4.03%
Female,Changi,60 - 64,40,3.23%
Female,Changi,65 - 69,30,2.42%
Female,Changi,70 - 74,20,1.61%
Female,Changi,75 - 79,20,1.61%
Female,Changi,80 - 84,20,1.61%
Female,Changi,85 & Over,20,1.61%
Female,Changi Bay,0 - 4,0,
Female,Changi Bay,5 - 9,0,
Female,Changi Bay,10 - 14,0,
Female,Changi Bay,15 - 19,0,
Female,Changi Bay,20 - 24,0,
Female,Changi Bay,25 - 29,0,
Female,Changi Bay,30 - 34,0,
Female,Changi Bay,35 - 39,0,
Female,Changi Bay,40 - 44,0,
Female,Changi Bay,45 - 49,0,
Female,Changi Bay,50 - 54,0,
Female,Changi Bay,55 - 59,0,
Female,Changi Bay,60 - 64,0,
Female,Changi Bay,65 - 69,0,
Female,Changi Bay,70 - 74,0,
Female,Changi Bay,75 - 79,0,
Female,Changi Bay,80 - 84,0,
Female,Changi Bay,85 & Over,0,
Female,Choa Chu Kang,0 - 4,3540,4.05%
Female,Choa Chu Kang,5 - 9,4510,5.16%
Female,Choa Chu Kang,10 - 14,5680,6.50%
Female,Choa Chu Kang,15 - 19,7140,8.17%
Female,Choa Chu Kang,20 - 24,7430,8.50%
Female,Choa Chu Kang,25 - 29,5870,6.72%
Female,Choa Chu Kang,30 - 34,6010,6.88%
Female,Choa Chu Kang,35 - 39,6300,7.21%
Female,Choa Chu Kang,40 - 44,7290,8.34%
Female,Choa Chu Kang,45 - 49,8310,9.51%
Female,Choa Chu Kang,50 - 54,7830,8.96%
Female,Choa Chu Kang,55 - 59,6070,6.95%
Female,Choa Chu Kang,60 - 64,4180,4.78%
Female,Choa Chu Kang,65 - 69,2820,3.23%
Female,Choa Chu Kang,70 - 74,1590,1.82%
Female,Choa Chu Kang,75 - 79,1240,1.42%
Female,Choa Chu Kang,80 - 84,890,1.02%
Female,Choa Chu Kang,85 & Over,700,0.80%
Female,Clementi,0 - 4,1940,4.06%
Female,Clementi,5 - 9,2160,4.52%
Female,Clementi,10 - 14,2210,4.62%
Female,Clementi,15 - 19,2320,4.85%
Female,Clementi,20 - 24,2440,5.10%
Female,Clementi,25 - 29,3040,6.36%
Female,Clementi,30 - 34,3460,7.24%
Female,Clementi,35 - 39,3880,8.12%
Female,Clementi,40 - 44,3940,8.24%
Female,Clementi,45 - 49,3560,7.45%
Female,Clementi,50 - 54,3480,7.28%
Female,Clementi,55 - 59,3520,7.36%
Female,Clementi,60 - 64,3750,7.85%
Female,Clementi,65 - 69,3300,6.90%
Female,Clementi,70 - 74,1750,3.66%
Female,Clementi,75 - 79,1380,2.89%
Female,Clementi,80 - 84,880,1.84%
Female,Clementi,85 & Over,790,1.65%
Female,Downtown Core,0 - 4,60,3.41%
Female,Downtown Core,5 - 9,30,1.70%
Female,Downtown Core,10 - 14,50,2.84%
Female,Downtown Core,15 - 19,60,3.41%
Female,Downtown Core,20 - 24,70,3.98%
Female,Downtown Core,25 - 29,110,6.25%
Female,Downtown Core,30 - 34,160,9.09%
Female,Downtown Core,35 - 39,190,10.80%
Female,Downtown Core,40 - 44,160,9.09%
Female,Downtown Core,45 - 49,150,8.52%
Female,Downtown Core,50 - 54,120,6.82%
Female,Downtown Core,55 - 59,120,6.82%
Female,Downtown Core,60 - 64,140,7.95%
Female,Downtown Core,65 - 69,120,6.82%
Female,Downtown Core,70 - 74,70,3.98%
Female,Downtown Core,75 - 79,70,3.98%
Female,Downtown Core,80 - 84,40,2.27%
Female,Downtown Core,85 & Over,40,2.27%
Female,Geylang,0 - 4,2180,3.70%
Female,Geylang,5 - 9,2540,4.31%
Female,Geylang,10 - 14,2700,4.58%
Female,Geylang,15 - 19,3100,5.26%
Female,Geylang,20 - 24,3710,6.30%
Female,Geylang,25 - 29,4040,6.86%
Female,Geylang,30 - 34,4240,7.20%
Female,Geylang,35 - 39,4540,7.71%
Female,Geylang,40 - 44,4540,7.71%
Female,Geylang,45 - 49,4350,7.39%
Female,Geylang,50 - 54,4620,7.84%
Female,Geylang,55 - 59,4630,7.86%
Female,Geylang,60 - 64,3970,6.74%
Female,Geylang,65 - 69,3330,5.65%
Female,Geylang,70 - 74,2050,3.48%
Female,Geylang,75 - 79,1850,3.14%
Female,Geylang,80 - 84,1330,2.26%
Female,Geylang,85 & Over,1180,2.00%
Female,Hougang,0 - 4,4110,3.64%
Female,Hougang,5 - 9,5030,4.46%
Female,Hougang,10 - 14,5700,5.05%
Female,Hougang,15 - 19,6980,6.19%
Female,Hougang,20 - 24,8240,7.30%
Female,Hougang,25 - 29,8300,7.36%
Female,Hougang,30 - 34,7770,6.89%
Female,Hougang,35 - 39,7870,6.98%
Female,Hougang,40 - 44,8590,7.61%
Female,Hougang,45 - 49,8830,7.83%
Female,Hougang,50 - 54,9820,8.70%
Female,Hougang,55 - 59,9570,8.48%
Female,Hougang,60 - 64,7390,6.55%
Female,Hougang,65 - 69,5420,4.80%
Female,Hougang,70 - 74,3150,2.79%
Female,Hougang,75 - 79,2570,2.28%
Female,Hougang,80 - 84,1850,1.64%
Female,Hougang,85 & Over,1630,1.44%
Female,Jurong East,0 - 4,1610,3.76%
Female,Jurong East,5 - 9,1920,4.49%
Female,Jurong East,10 - 14,2200,5.14%
Female,Jurong East,15 - 19,2420,5.66%
Female,Jurong East,20 - 24,2770,6.47%
Female,Jurong East,25 - 29,3280,7.67%
Female,Jurong East,30 - 34,3260,7.62%
Female,Jurong East,35 - 39,3180,7.43%
Female,Jurong East,40 - 44,3330,7.78%
Female,Jurong East,45 - 49,3070,7.17%
Female,Jurong East,50 - 54,3370,7.88%
Female,Jurong East,55 - 59,3570,8.34%
Female,Jurong East,60 - 64,3190,7.46%
Female,Jurong East,65 - 69,2370,5.54%
Female,Jurong East,70 - 74,1180,2.76%
Female,Jurong East,75 - 79,950,2.22%
Female,Jurong East,80 - 84,610,1.43%
Female,Jurong East,85 & Over,510,1.19%
Female,Jurong West,0 - 4,6730,4.98%
Female,Jurong West,5 - 9,7790,5.76%
Female,Jurong West,10 - 14,8080,5.98%
Female,Jurong West,15 - 19,8830,6.53%
Female,Jurong West,20 - 24,9330,6.90%
Female,Jurong West,25 - 29,10100,7.47%
Female,Jurong West,30 - 34,11880,8.79%
Female,Jurong West,35 - 39,11750,8.69%
Female,Jurong West,40 - 44,11280,8.34%
Female,Jurong West,45 - 49,10500,7.77%
Female,Jurong West,50 - 54,9730,7.20%
Female,Jurong West,55 - 59,9360,6.92%
Female,Jurong West,60 - 64,7820,5.78%
Female,Jurong West,65 - 69,5210,3.85%
Female,Jurong West,70 - 74,2710,2.00%
Female,Jurong West,75 - 79,1880,1.39%
Female,Jurong West,80 - 84,1260,0.93%
Female,Jurong West,85 & Over,940,0.70%
Female,Kallang,0 - 4,2120,4.17%
Female,Kallang,5 - 9,2210,4.35%
Female,Kallang,10 - 14,2170,4.27%
Female,Kallang,15 - 19,2330,4.58%
Female,Kallang,20 - 24,2580,5.07%
Female,Kallang,25 - 29,3160,6.21%
Female,Kallang,30 - 34,3880,7.63%
Female,Kallang,35 - 39,4300,8.45%
Female,Kallang,40 - 44,4320,8.49%
Female,Kallang,45 - 49,3740,7.35%
Female,Kallang,50 - 54,3690,7.26%
Female,Kallang,55 - 59,3680,7.24%
Female,Kallang,60 - 64,3440,6.76%
Female,Kallang,65 - 69,3060,6.02%
Female,Kallang,70 - 74,2030,3.99%
Female,Kallang,75 - 79,1820,3.58%
Female,Kallang,80 - 84,1210,2.38%
Female,Kallang,85 & Over,1120,2.20%
Female,Lim Chu Kang,0 - 4,0,
Female,Lim Chu Kang,5 - 9,0,
Female,Lim Chu Kang,10 - 14,0,
Female,Lim Chu Kang,15 - 19,0,
Female,Lim Chu Kang,20 - 24,0,
Female,Lim Chu Kang,25 - 29,0,
Female,Lim Chu Kang,30 - 34,0,
Female,Lim Chu Kang,35 - 39,0,
Female,Lim Chu Kang,40 - 44,0,
Female,Lim Chu Kang,45 - 49,0,
Female,Lim Chu Kang,50 - 54,0,
Female,Lim Chu Kang,55 - 59,0,
Female,Lim Chu Kang,60 - 64,0,
Female,Lim Chu Kang,65 - 69,0,
Female,Lim Chu Kang,70 - 74,0,
Female,Lim Chu Kang,75 - 79,0,
Female,Lim Chu Kang,80 - 84,0,
Female,Lim Chu Kang,85 & Over,0,
Female,Mandai,0 - 4,40,3.60%
Female,Mandai,5 - 9,70,6.31%
Female,Mandai,10 - 14,80,7.21%
Female,Mandai,15 - 19,90,8.11%
Female,Mandai,20 - 24,90,8.11%
Female,Mandai,25 - 29,70,6.31%
Female,Mandai,30 - 34,70,6.31%
Female,Mandai,35 - 39,100,9.01%
Female,Mandai,40 - 44,100,9.01%
Female,Mandai,45 - 49,100,9.01%
Female,Mandai,50 - 54,80,7.21%
Female,Mandai,55 - 59,70,6.31%
Female,Mandai,60 - 64,40,3.60%
Female,Mandai,65 - 69,40,3.60%
Female,Mandai,70 - 74,30,2.70%
Female,Mandai,75 - 79,20,1.80%
Female,Mandai,80 - 84,10,0.90%
Female,Mandai,85 & Over,10,0.90%
Female,Marina East,0 - 4,0,
Female,Marina East,5 - 9,0,
Female,Marina East,10 - 14,0,
Female,Marina East,15 - 19,0,
Female,Marina East,20 - 24,0,
Female,Marina East,25 - 29,0,
Female,Marina East,30 - 34,0,
Female,Marina East,35 - 39,0,
Female,Marina East,40 - 44,0,
Female,Marina East,45 - 49,0,
Female,Marina East,50 - 54,0,
Female,Marina East,55 - 59,0,
Female,Marina East,60 - 64,0,
Female,Marina East,65 - 69,0,
Female,Marina East,70 - 74,0,
Female,Marina East,75 - 79,0,
Female,Marina East,80 - 84,0,
Female,Marina East,85 & Over,0,
Female,Marina South,0 - 4,0,
Female,Marina South,5 - 9,0,
Female,Marina South,10 - 14,0,
Female,Marina South,15 - 19,0,
Female,Marina South,20 - 24,0,
Female,Marina South,25 - 29,0,
Female,Marina South,30 - 34,0,
Female,Marina South,35 - 39,0,
Female,Marina South,40 - 44,0,
Female,Marina South,45 - 49,0,
Female,Marina South,50 - 54,0,
Female,Marina South,55 - 59,0,
Female,Marina South,60 - 64,0,
Female,Marina South,65 - 69,0,
Female,Marina South,70 - 74,0,
Female,Marina South,75 - 79,0,
Female,Marina South,80 - 84,0,
Female,Marina South,85 & Over,0,
Female,Marine Parade,0 - 4,1060,4.11%
Female,Marine Parade,5 - 9,1380,5.35%
Female,Marine Parade,10 - 14,1350,5.24%
Female,Marine Parade,15 - 19,1340,5.20%
Female,Marine Parade,20 - 24,1400,5.43%
Female,Marine Parade,25 - 29,1370,5.31%
Female,Marine Parade,30 - 34,1600,6.21%
Female,Marine Parade,35 - 39,2130,8.26%
Female,Marine Parade,40 - 44,2430,9.43%
Female,Marine Parade,45 - 49,1920,7.45%
Female,Marine Parade,50 - 54,1900,7.37%
Female,Marine Parade,55 - 59,1700,6.59%
Female,Marine Parade,60 - 64,1560,6.05%
Female,Marine Parade,65 - 69,1520,5.90%
Female,Marine Parade,70 - 74,990,3.84%
Female,Marine Parade,75 - 79,920,3.57%
Female,Marine Parade,80 - 84,590,2.29%
Female,Marine Parade,85 & Over,620,2.40%
Female,Museum,0 - 4,10,5.56%
Female,Museum,5 - 9,10,5.56%
Female,Museum,10 - 14,0,0.00%
Female,Museum,15 - 19,10,5.56%
Female,Museum,20 - 24,10,5.56%
Female,Museum,25 - 29,10,5.56%
Female,Museum,30 - 34,20,11.11%
Female,Museum,35 - 39,30,16.67%
Female,Museum,40 - 44,20,11.11%
Female,Museum,45 - 49,20,11.11%
Female,Museum,50 - 54,20,11.11%
Female,Museum,55 - 59,20,11.11%
Female,Museum,60 - 64,0,0.00%
Female,Museum,65 - 69,0,0.00%
Female,Museum,70 - 74,0,0.00%
Female,Museum,75 - 79,0,0.00%
Female,Museum,80 - 84,0,0.00%
Female,Museum,85 & Over,0,0.00%
Female,Newton,0 - 4,160,4.32%
Female,Newton,5 - 9,210,5.68%
Female,Newton,10 - 14,160,4.32%
Female,Newton,15 - 19,190,5.14%
Female,Newton,20 - 24,220,5.95%
Female,Newton,25 - 29,220,5.95%
Female,Newton,30 - 34,240,6.49%
Female,Newton,35 - 39,340,9.19%
Female,Newton,40 - 44,390,10.54%
Female,Newton,45 - 49,320,8.65%
Female,Newton,50 - 54,300,8.11%
Female,Newton,55 - 59,250,6.76%
Female,Newton,60 - 64,200,5.41%
Female,Newton,65 - 69,190,5.14%
Female,Newton,70 - 74,90,2.43%
Female,Newton,75 - 79,100,2.70%
Female,Newton,80 - 84,60,1.62%
Female,Newton,85 & Over,60,1.62%
Female,North-Eastern Islands,0 - 4,0,
Female,North-Eastern Islands,5 - 9,0,
Female,North-Eastern Islands,10 - 14,0,
Female,North-Eastern Islands,15 - 19,0,
Female,North-Eastern Islands,20 - 24,0,
Female,North-Eastern Islands,25 - 29,0,
Female,North-Eastern Islands,30 - 34,0,
Female,North-Eastern Islands,35 - 39,0,
Female,North-Eastern Islands,40 - 44,0,
Female,North-Eastern Islands,45 - 49,0,
Female,North-Eastern Islands,50 - 54,0,
Female,North-Eastern Islands,55 - 59,0,
Female,North-Eastern Islands,60 - 64,0,
Female,North-Eastern Islands,65 - 69,0,
Female,North-Eastern Islands,70 - 74,0,
Female,North-Eastern Islands,75 - 79,0,
Female,North-Eastern Islands,80 - 84,0,
Female,North-Eastern Islands,85 & Over,0,
Female,Novena,0 - 4,1120,4.51%
Female,Novena,5 - 9,1250,5.03%
Female,Novena,10 - 14,1190,4.79%
Female,Novena,15 - 19,1270,5.11%
Female,Novena,20 - 24,1330,5.35%
Female,Novena,25 - 29,1410,5.68%
Female,Novena,30 - 34,1680,6.76%
Female,Novena,35 - 39,2190,8.82%
Female,Novena,40 - 44,2320,9.34%
Female,Novena,45 - 49,1960,7.89%
Female,Novena,50 - 54,1850,7.45%
Female,Novena,55 - 59,1680,6.76%
Female,Novena,60 - 64,1480,5.96%
Female,Novena,65 - 69,1290,5.19%
Female,Novena,70 - 74,840,3.38%
Female,Novena,75 - 79,790,3.18%
Female,Novena,80 - 84,580,2.33%
Female,Novena,85 & Over,610,2.46%
Female,Orchard,0 - 4,20,4.08%
Female,Orchard,5 - 9,30,6.12%
Female,Orchard,10 - 14,20,4.08%
Female,Orchard,15 - 19,20,4.08%
Female,Orchard,20 - 24,20,4.08%
Female,Orchard,25 - 29,30,6.12%
Female,Orchard,30 - 34,30,6.12%
Female,Orchard,35 - 39,40,8.16%
Female,Orchard,40 - 44,50,10.20%
Female,Orchard,45 - 49,50,10.20%
Female,Orchard,50 - 54,40,8.16%
Female,Orchard,55 - 59,40,8.16%
Female,Orchard,60 - 64,40,8.16%
Female,Orchard,65 - 69,40,8.16%
Female,Orchard,70 - 74,10,2.04%
Female,Orchard,75 - 79,10,2.04%
Female,Orchard,80 - 84,0,0.00%
Female,Orchard,85 & Over,0,0.00%
Female,Outram,0 - 4,690,6.31%
Female,Outram,5 - 9,540,4.94%
Female,Outram,10 - 14,350,3.20%
Female,Outram,15 - 19,350,3.20%
Female,Outram,20 - 24,420,3.84%
Female,Outram,25 - 29,600,5.49%
Female,Outram,30 - 34,900,8.23%
Female,Outram,35 - 39,1090,9.97%
Female,Outram,40 - 44,800,7.32%
Female,Outram,45 - 49,710,6.50%
Female,Outram,50 - 54,680,6.22%
Female,Outram,55 - 59,730,6.68%
Female,Outram,60 - 64,750,6.86%
Female,Outram,65 - 69,710,6.50%
Female,Outram,70 - 74,460,4.21%
Female,Outram,75 - 79,450,4.12%
Female,Outram,80 - 84,300,2.74%
Female,Outram,85 & Over,400,3.66%
Female,Pasir Ris,0 - 4,2810,3.97%
Female,Pasir Ris,5 - 9,3430,4.85%
Female,Pasir Ris,10 - 14,4370,6.17%
Female,Pasir Ris,15 - 19,6000,8.48%
Female,Pasir Ris,20 - 24,6520,9.21%
Female,Pasir Ris,25 - 29,4500,6.36%
Female,Pasir Ris,30 - 34,4110,5.81%
Female,Pasir Ris,35 - 39,4920,6.95%
Female,Pasir Ris,40 - 44,5420,7.66%
Female,Pasir Ris,45 - 49,7190,10.16%
Female,Pasir Ris,50 - 54,6840,9.67%
Female,Pasir Ris,55 - 59,5020,7.09%
Female,Pasir Ris,60 - 64,3340,4.72%
Female,Pasir Ris,65 - 69,2250,3.18%
Female,Pasir Ris,70 - 74,1310,1.85%
Female,Pasir Ris,75 - 79,1100,1.55%
Female,Pasir Ris,80 - 84,830,1.17%
Female,Pasir Ris,85 & Over,810,1.14%
Female,Paya Lebar,0 - 4,0,
Female,Paya Lebar,5 - 9,0,
Female,Paya Lebar,10 - 14,0,
Female,Paya Lebar,15 - 19,0,
Female,Paya Lebar,20 - 24,0,
Female,Paya Lebar,25 - 29,0,
Female,Paya Lebar,30 - 34,0,
Female,Paya Lebar,35 - 39,0,
Female,Paya Lebar,40 - 44,0,
Female,Paya Lebar,45 - 49,0,
Female,Paya Lebar,50 - 54,0,
Female,Paya Lebar,55 - 59,0,
Female,Paya Lebar,60 - 64,0,
Female,Paya Lebar,65 - 69,0,
Female,Paya Lebar,70 - 74,0,
Female,Paya Lebar,75 - 79,0,
Female,Paya Lebar,80 - 84,0,
Female,Paya Lebar,85 & Over,0,
Female,Pioneer,0 - 4,0,
Female,Pioneer,5 - 9,0,
Female,Pioneer,10 - 14,0,
Female,Pioneer,15 - 19,0,
Female,Pioneer,20 - 24,0,
Female,Pioneer,25 - 29,0,
Female,Pioneer,30 - 34,0,
Female,Pioneer,35 - 39,0,
Female,Pioneer,40 - 44,0,
Female,Pioneer,45 - 49,0,
Female,Pioneer,50 - 54,0,
Female,Pioneer,55 - 59,0,
Female,Pioneer,60 - 64,0,
Female,Pioneer,65 - 69,0,
Female,Pioneer,70 - 74,0,
Female,Pioneer,75 - 79,0,
Female,Pioneer,80 - 84,0,
Female,Pioneer,85 & Over,0,
Female,Punggol,0 - 4,5860,10.52%
Female,Punggol,5 - 9,4460,8.01%
Female,Punggol,10 - 14,3030,5.44%
Female,Punggol,15 - 19,2120,3.81%
Female,Punggol,20 - 24,2000,3.59%
Female,Punggol,25 - 29,4060,7.29%
Female,Punggol,30 - 34,8560,15.37%
Female,Punggol,35 - 39,6530,11.73%
Female,Punggol,40 - 44,4970,8.93%
Female,Punggol,45 - 49,3040,5.46%
Female,Punggol,50 - 54,2650,4.76%
Female,Punggol,55 - 59,2450,4.40%
Female,Punggol,60 - 64,2130,3.83%
Female,Punggol,65 - 69,1610,2.89%
Female,Punggol,70 - 74,870,1.56%
Female,Punggol,75 - 79,580,1.04%
Female,Punggol,80 - 84,390,0.70%
Female,Punggol,85 & Over,370,0.66%
Female,Queenstown,0 - 4,2150,4.14%
Female,Queenstown,5 - 9,2220,4.28%
Female,Queenstown,10 - 14,2160,4.16%
Female,Queenstown,15 - 19,2390,4.60%
Female,Queenstown,20 - 24,2760,5.32%
Female,Queenstown,25 - 29,3340,6.43%
Female,Queenstown,30 - 34,3770,7.26%
Female,Queenstown,35 - 39,4120,7.94%
Female,Queenstown,40 - 44,4070,7.84%
Female,Queenstown,45 - 49,3980,7.67%
Female,Queenstown,50 - 54,3740,7.20%
Female,Queenstown,55 - 59,3530,6.80%
Female,Queenstown,60 - 64,3300,6.36%
Female,Queenstown,65 - 69,3340,6.43%
Female,Queenstown,70 - 74,2310,4.45%
Female,Queenstown,75 - 79,2150,4.14%
Female,Queenstown,80 - 84,1440,2.77%
Female,Queenstown,85 & Over,1150,2.21%
Female,River Valley,0 - 4,230,4.64%
Female,River Valley,5 - 9,300,6.05%
Female,River Valley,10 - 14,280,5.65%
Female,River Valley,15 - 19,230,4.64%
Female,River Valley,20 - 24,290,5.85%
Female,River Valley,25 - 29,280,5.65%
Female,River Valley,30 - 34,380,7.66%
Female,River Valley,35 - 39,490,9.88%
Female,River Valley,40 - 44,560,11.29%
Female,River Valley,45 - 49,430,8.67%
Female,River Valley,50 - 54,330,6.65%
Female,River Valley,55 - 59,310,6.25%
Female,River Valley,60 - 64,250,5.04%
Female,River Valley,65 - 69,240,4.84%
Female,River Valley,70 - 74,140,2.82%
Female,River Valley,75 - 79,100,2.02%
Female,River Valley,80 - 84,40,0.81%
Female,River Valley,85 & Over,80,1.61%
Female,Rochor,0 - 4,270,3.74%
Female,Rochor,5 - 9,300,4.16%
Female,Rochor,10 - 14,300,4.16%
Female,Rochor,15 - 19,290,4.02%
Female,Rochor,20 - 24,380,5.26%
Female,Rochor,25 - 29,450,6.23%
Female,Rochor,30 - 34,540,7.48%
Female,Rochor,35 - 39,620,8.59%
Female,Rochor,40 - 44,580,8.03%
Female,Rochor,45 - 49,530,7.34%
Female,Rochor,50 - 54,490,6.79%
Female,Rochor,55 - 59,520,7.20%
Female,Rochor,60 - 64,540,7.48%
Female,Rochor,65 - 69,500,6.93%
Female,Rochor,70 - 74,320,4.43%
Female,Rochor,75 - 79,270,3.74%
Female,Rochor,80 - 84,170,2.35%
Female,Rochor,85 & Over,150,2.08%
Female,Seletar,0 - 4,0,0.00%
Female,Seletar,5 - 9,10,7.69%
Female,Seletar,10 - 14,10,7.69%
Female,Seletar,15 - 19,10,7.69%
Female,Seletar,20 - 24,10,7.69%
Female,Seletar,25 - 29,0,0.00%
Female,Seletar,30 - 34,0,0.00%
Female,Seletar,35 - 39,10,7.69%
Female,Seletar,40 - 44,20,15.38%
Female,Seletar,45 - 49,20,15.38%
Female,Seletar,50 - 54,20,15.38%
Female,Seletar,55 - 59,10,7.69%
Female,Seletar,60 - 64,10,7.69%
Female,Seletar,65 - 69,0,0.00%
Female,Seletar,70 - 74,0,0.00%
Female,Seletar,75 - 79,0,0.00%
Female,Seletar,80 - 84,0,0.00%
Female,Seletar,85 & Over,0,0.00%
Female,Sembawang,0 - 4,2190,5.67%
Female,Sembawang,5 - 9,2650,6.86%
Female,Sembawang,10 - 14,2600,6.73%
Female,Sembawang,15 - 19,2320,6.01%
Female,Sembawang,20 - 24,2190,5.67%
Female,Sembawang,25 - 29,2610,6.76%
Female,Sembawang,30 - 34,3460,8.96%
Female,Sembawang,35 - 39,3800,9.84%
Female,Sembawang,40 - 44,3920,10.15%
Female,Sembawang,45 - 49,2940,7.61%
Female,Sembawang,50 - 54,2730,7.07%
Female,Sembawang,55 - 59,2420,6.27%
Female,Sembawang,60 - 64,1680,4.35%
Female,Sembawang,65 - 69,1140,2.95%
Female,Sembawang,70 - 74,720,1.86%
Female,Sembawang,75 - 79,540,1.40%
Female,Sembawang,80 - 84,380,0.98%
Female,Sembawang,85 & Over,320,0.83%
Female,Sengkang,0 - 4,7460,7.11%
Female,Sengkang,5 - 9,7480,7.13%
Female,Sengkang,10 - 14,6130,5.85%
Female,Sengkang,15 - 19,5730,5.46%
Female,Sengkang,20 - 24,5420,5.17%
Female,Sengkang,25 - 29,7860,7.49%
Female,Sengkang,30 - 34,11420,10.89%
Female,Sengkang,35 - 39,10830,10.33%
Female,Sengkang,40 - 44,9440,9.00%
Female,Sengkang,45 - 49,7020,6.69%
Female,Sengkang,50 - 54,6740,6.43%
Female,Sengkang,55 - 59,6350,6.06%
Female,Sengkang,60 - 64,4660,4.44%
Female,Sengkang,65 - 69,3350,3.19%
Female,Sengkang,70 - 74,1790,1.71%
Female,Sengkang,75 - 79,1390,1.33%
Female,Sengkang,80 - 84,970,0.92%
Female,Sengkang,85 & Over,830,0.79%
Female,Serangoon,0 - 4,1990,3.19%
Female,Serangoon,5 - 9,2480,3.98%
Female,Serangoon,10 - 14,3010,4.83%
Female,Serangoon,15 - 19,3660,5.87%
Female,Serangoon,20 - 24,4500,7.22%
Female,Serangoon,25 - 29,4500,7.22%
Female,Serangoon,30 - 34,3890,6.24%
Female,Serangoon,35 - 39,3980,6.38%
Female,Serangoon,40 - 44,4550,7.30%
Female,Serangoon,45 - 49,4690,7.52%
Female,Serangoon,50 - 54,5350,8.58%
Female,Serangoon,55 - 59,5610,9.00%
Female,Serangoon,60 - 64,4620,7.41%
Female,Serangoon,65 - 69,3530,5.66%
Female,Serangoon,70 - 74,2000,3.21%
Female,Serangoon,75 - 79,1700,2.73%
Female,Serangoon,80 - 84,1150,1.84%
Female,Serangoon,85 & Over,1150,1.84%
Female,Simpang,0 - 4,0,
Female,Simpang,5 - 9,0,
Female,Simpang,10 - 14,0,
Female,Simpang,15 - 19,0,
Female,Simpang,20 - 24,0,
Female,Simpang,25 - 29,0,
Female,Simpang,30 - 34,0,
Female,Simpang,35 - 39,0,
Female,Simpang,40 - 44,0,
Female,Simpang,45 - 49,0,
Female,Simpang,50 - 54,0,
Female,Simpang,55 - 59,0,
Female,Simpang,60 - 64,0,
Female,Simpang,65 - 69,0,
Female,Simpang,70 - 74,0,
Female,Simpang,75 - 79,0,
Female,Simpang,80 - 84,0,
Female,Simpang,85 & Over,0,
Female,Singapore River,0 - 4,120,8.39%
Female,Singapore River,5 - 9,90,6.29%
Female,Singapore River,10 - 14,70,4.90%
Female,Singapore River,15 - 19,50,3.50%
Female,Singapore River,20 - 24,50,3.50%
Female,Singapore River,25 - 29,50,3.50%
Female,Singapore River,30 - 34,170,11.89%
Female,Singapore River,35 - 39,190,13.29%
Female,Singapore River,40 - 44,220,15.38%
Female,Singapore River,45 - 49,130,9.09%
Female,Singapore River,50 - 54,80,5.59%
Female,Singapore River,55 - 59,70,4.90%
Female,Singapore River,60 - 64,50,3.50%
Female,Singapore River,65 - 69,40,2.80%
Female,Singapore River,70 - 74,20,1.40%
Female,Singapore River,75 - 79,20,1.40%
Female,Singapore River,80 - 84,0,0.00%
Female,Singapore River,85 & Over,10,0.70%
Female,Southern Islands,0 - 4,40,5.26%
Female,Southern Islands,5 - 9,50,6.58%
Female,Southern Islands,10 - 14,50,6.58%
Female,Southern Islands,15 - 19,60,7.89%
Female,Southern Islands,20 - 24,50,6.58%
Female,Southern Islands,25 - 29,40,5.26%
Female,Southern Islands,30 - 34,40,5.26%
Female,Southern Islands,35 - 39,60,7.89%
Female,Southern Islands,40 - 44,90,11.84%
Female,Southern Islands,45 - 49,100,13.16%
Female,Southern Islands,50 - 54,70,9.21%
Female,Southern Islands,55 - 59,40,5.26%
Female,Southern Islands,60 - 64,30,3.95%
Female,Southern Islands,65 - 69,20,2.63%
Female,Southern Islands,70 - 74,10,1.32%
Female,Southern Islands,75 - 79,10,1.32%
Female,Southern Islands,80 - 84,0,0.00%
Female,Southern Islands,85 & Over,0,0.00%
Female,Straits View,0 - 4,0,
Female,Straits View,5 - 9,0,
Female,Straits View,10 - 14,0,
Female,Straits View,15 - 19,0,
Female,Straits View,20 - 24,0,
Female,Straits View,25 - 29,0,
Female,Straits View,30 - 34,0,
Female,Straits View,35 - 39,0,
Female,Straits View,40 - 44,0,
Female,Straits View,45 - 49,0,
Female,Straits View,50 - 54,0,
Female,Straits View,55 - 59,0,
Female,Straits View,60 - 64,0,
Female,Straits View,65 - 69,0,
Female,Straits View,70 - 74,0,
Female,Straits View,75 - 79,0,
Female,Straits View,80 - 84,0,
Female,Straits View,85 & Over,0,
Female,Sungei Kadut,0 - 4,10,2.38%
Female,Sungei Kadut,5 - 9,10,2.38%
Female,Sungei Kadut,10 - 14,20,4.76%
Female,Sungei Kadut,15 - 19,30,7.14%
Female,Sungei Kadut,20 - 24,20,4.76%
Female,Sungei Kadut,25 - 29,20,4.76%
Female,Sungei Kadut,30 - 34,20,4.76%
Female,Sungei Kadut,35 - 39,20,4.76%
Female,Sungei Kadut,40 - 44,20,4.76%
Female,Sungei Kadut,45 - 49,30,7.14%
Female,Sungei Kadut,50 - 54,30,7.14%
Female,Sungei Kadut,55 - 59,30,7.14%
Female,Sungei Kadut,60 - 64,20,4.76%
Female,Sungei Kadut,65 - 69,30,7.14%
Female,Sungei Kadut,70 - 74,20,4.76%
Female,Sungei Kadut,75 - 79,20,4.76%
Female,Sungei Kadut,80 - 84,20,4.76%
Female,Sungei Kadut,85 & Over,50,11.90%
Female,Tampines,0 - 4,5360,4.03%
Female,Tampines,5 - 9,5930,4.46%
Female,Tampines,10 - 14,6800,5.11%
Female,Tampines,15 - 19,8790,6.61%
Female,Tampines,20 - 24,10410,7.82%
Female,Tampines,25 - 29,10110,7.60%
Female,Tampines,30 - 34,9730,7.31%
Female,Tampines,35 - 39,9280,6.97%
Female,Tampines,40 - 44,9590,7.21%
Female,Tampines,45 - 49,10580,7.95%
Female,Tampines,50 - 54,11910,8.95%
Female,Tampines,55 - 59,11530,8.66%
Female,Tampines,60 - 64,8510,6.39%
Female,Tampines,65 - 69,5730,4.31%
Female,Tampines,70 - 74,2970,2.23%
Female,Tampines,75 - 79,2490,1.87%
Female,Tampines,80 - 84,1780,1.34%
Female,Tampines,85 & Over,1580,1.19%
Female,Tanglin,0 - 4,480,4.69%
Female,Tanglin,5 - 9,720,7.03%
Female,Tanglin,10 - 14,590,5.76%
Female,Tanglin,15 - 19,580,5.66%
Female,Tanglin,20 - 24,530,5.18%
Female,Tanglin,25 - 29,500,4.88%
Female,Tanglin,30 - 34,690,6.74%
Female,Tanglin,35 - 39,900,8.79%
Female,Tanglin,40 - 44,1070,10.45%
Female,Tanglin,45 - 49,920,8.98%
Female,Tanglin,50 - 54,760,7.42%
Female,Tanglin,55 - 59,660,6.45%
Female,Tanglin,60 - 64,590,5.76%
Female,Tanglin,65 - 69,470,4.59%
Female,Tanglin,70 - 74,270,2.64%
Female,Tanglin,75 - 79,210,2.05%
Female,Tanglin,80 - 84,130,1.27%
Female,Tanglin,85 & Over,170,1.66%
Female,Tengah,0 - 4,0,
Female,Tengah,5 - 9,0,
Female,Tengah,10 - 14,0,
Female,Tengah,15 - 19,0,
Female,Tengah,20 - 24,0,
Female,Tengah,25 - 29,0,
Female,Tengah,30 - 34,0,
Female,Tengah,35 - 39,0,
Female,Tengah,40 - 44,0,
Female,Tengah,45 - 49,0,
Female,Tengah,50 - 54,0,
Female,Tengah,55 - 59,0,
Female,Tengah,60 - 64,0,
Female,Tengah,65 - 69,0,
Female,Tengah,70 - 74,0,
Female,Tengah,75 - 79,0,
Female,Tengah,80 - 84,0,
Female,Tengah,85 & Over,0,
Female,Toa Payoh,0 - 4,2410,3.70%
Female,Toa Payoh,5 - 9,2740,4.20%
Female,Toa Payoh,10 - 14,2790,4.28%
Female,Toa Payoh,15 - 19,3180,4.88%
Female,Toa Payoh,20 - 24,3650,5.60%
Female,Toa Payoh,25 - 29,3980,6.11%
Female,Toa Payoh,30 - 34,4550,6.98%
Female,Toa Payoh,35 - 39,4780,7.33%
Female,Toa Payoh,40 - 44,5320,8.16%
Female,Toa Payoh,45 - 49,4830,7.41%
Female,Toa Payoh,50 - 54,4930,7.56%
Female,Toa Payoh,55 - 59,4980,7.64%
Female,Toa Payoh,60 - 64,4300,6.60%
Female,Toa Payoh,65 - 69,4080,6.26%
Female,Toa Payoh,70 - 74,2810,4.31%
Female,Toa Payoh,75 - 79,2600,3.99%
Female,Toa Payoh,80 - 84,1700,2.61%
Female,Toa Payoh,85 & Over,1550,2.38%
Female,Tuas,0 - 4,0,
Female,Tuas,5 - 9,0,
Female,Tuas,10 - 14,0,
Female,Tuas,15 - 19,0,
Female,Tuas,20 - 24,0,
Female,Tuas,25 - 29,0,
Female,Tuas,30 - 34,0,
Female,Tuas,35 - 39,0,
Female,Tuas,40 - 44,0,
Female,Tuas,45 - 49,0,
Female,Tuas,50 - 54,0,
Female,Tuas,55 - 59,0,
Female,Tuas,60 - 64,0,
Female,Tuas,65 - 69,0,
Female,Tuas,70 - 74,0,
Female,Tuas,75 - 79,0,
Female,Tuas,80 - 84,0,
Female,Tuas,85 & Over,0,
Female,Western Islands,0 - 4,0,
Female,Western Islands,5 - 9,0,
Female,Western Islands,10 - 14,0,
Female,Western Islands,15 - 19,0,
Female,Western Islands,20 - 24,0,
Female,Western Islands,25 - 29,0,
Female,Western Islands,30 - 34,0,
Female,Western Islands,35 - 39,0,
Female,Western Islands,40 - 44,0,
Female,Western Islands,45 - 49,0,
Female,Western Islands,50 - 54,0,
Female,Western Islands,55 - 59,0,
Female,Western Islands,60 - 64,0,
Female,Western Islands,65 - 69,0,
Female,Western Islands,70 - 74,0,
Female,Western Islands,75 - 79,0,
Female,Western Islands,80 - 84,0,
Female,Western Islands,85 & Over,0,
Female,Western Water Catchment,0 - 4,20,3.92%
Female,Western Water Catchment,5 - 9,20,3.92%
Female,Western Water Catchment,10 - 14,30,5.88%
Female,Western Water Catchment,15 - 19,20,3.92%
Female,Western Water Catchment,20 - 24,110,21.57%
Female,Western Water Catchment,25 - 29,50,9.80%
Female,Western Water Catchment,30 - 34,30,5.88%
Female,Western Water Catchment,35 - 39,40,7.84%
Female,Western Water Catchment,40 - 44,50,9.80%
Female,Western Water Catchment,45 - 49,30,5.88%
Female,Western Water Catchment,50 - 54,30,5.88%
Female,Western Water Catchment,55 - 59,20,3.92%
Female,Western Water Catchment,60 - 64,10,1.96%
Female,Western Water Catchment,65 - 69,0,0.00%
Female,Western Water Catchment,70 - 74,10,1.96%
Female,Western Water Catchment,75 - 79,0,0.00%
Female,Western Water Catchment,80 - 84,10,1.96%
Female,Western Water Catchment,85 & Over,30,5.88%
Female,Woodlands,0 - 4,5760,4.63%
Female,Woodlands,5 - 9,7030,5.65%
Female,Woodlands,10 - 14,8220,6.61%
Female,Woodlands,15 - 19,10200,8.20%
Female,Woodlands,20 - 24,9740,7.83%
Female,Woodlands,25 - 29,8910,7.16%
Female,Woodlands,30 - 34,9400,7.56%
Female,Woodlands,35 - 39,9670,7.77%
Female,Woodlands,40 - 44,11100,8.92%
Female,Woodlands,45 - 49,11120,8.94%
Female,Woodlands,50 - 54,9990,8.03%
Female,Woodlands,55 - 59,8010,6.44%
Female,Woodlands,60 - 64,5520,4.44%
Female,Woodlands,65 - 69,3890,3.13%
Female,Woodlands,70 - 74,2190,1.76%
Female,Woodlands,75 - 79,1710,1.37%
Female,Woodlands,80 - 84,1110,0.89%
Female,Woodlands,85 & Over,810,0.65%
Female,Yishun,0 - 4,4970,4.87%
Female,Yishun,5 - 9,4900,4.80%
Female,Yishun,10 - 14,5050,4.95%
Female,Yishun,15 - 19,5910,5.79%
Female,Yishun,20 - 24,7260,7.12%
Female,Yishun,25 - 29,8660,8.49%
Female,Yishun,30 - 34,8690,8.52%
Female,Yishun,35 - 39,7890,7.73%
Female,Yishun,40 - 44,7630,7.48%
Female,Yishun,45 - 49,7600,7.45%
Female,Yishun,50 - 54,8780,8.61%
Female,Yishun,55 - 59,8090,7.93%
Female,Yishun,60 - 64,6070,5.95%
Female,Yishun,65 - 69,4260,4.18%
Female,Yishun,70 - 74,2330,2.28%
Female,Yishun,75 - 79,1740,1.71%
Female,Yishun,80 - 84,1170,1.15%
Female,Yishun,85 & Over,1010,0.99%
Male,Ang Mo Kio,0 - 4,3480,4.13%
Male,Ang Mo Kio,5 - 9,3890,4.62%
Male,Ang Mo Kio,10 - 14,4200,4.98%
Male,Ang Mo Kio,15 - 19,4740,5.63%
Male,Ang Mo Kio,20 - 24,5130,6.09%
Male,Ang Mo Kio,25 - 29,5370,6.37%
Male,Ang Mo Kio,30 - 34,5790,6.87%
Male,Ang Mo Kio,35 - 39,6190,7.35%
Male,Ang Mo Kio,40 - 44,6620,7.86%
Male,Ang Mo Kio,45 - 49,6330,7.51%
Male,Ang Mo Kio,50 - 54,7000,8.31%
Male,Ang Mo Kio,55 - 59,6680,7.93%
Male,Ang Mo Kio,60 - 64,6050,7.18%
Male,Ang Mo Kio,65 - 69,5240,6.22%
Male,Ang Mo Kio,70 - 74,3080,3.66%
Male,Ang Mo Kio,75 - 79,2350,2.79%
Male,Ang Mo Kio,80 - 84,1330,1.58%
Male,Ang Mo Kio,85 & Over,790,0.94%
Male,Bedok,0 - 4,5930,4.20%
Male,Bedok,5 - 9,6750,4.78%
Male,Bedok,10 - 14,7480,5.30%
Male,Bedok,15 - 19,8780,6.22%
Male,Bedok,20 - 24,9850,6.97%
Male,Bedok,25 - 29,9880,6.99%
Male,Bedok,30 - 34,9200,6.51%
Male,Bedok,35 - 39,9750,6.90%
Male,Bedok,40 - 44,10870,7.70%
Male,Bedok,45 - 49,10600,7.50%
Male,Bedok,50 - 54,11550,8.18%
Male,Bedok,55 - 59,11500,8.14%
Male,Bedok,60 - 64,10010,7.09%
Male,Bedok,65 - 69,8170,5.78%
Male,Bedok,70 - 74,4440,3.14%
Male,Bedok,75 - 79,3260,2.31%
Male,Bedok,80 - 84,1920,1.36%
Male,Bedok,85 & Over,1310,0.93%
Male,Bishan,0 - 4,1800,4.08%
Male,Bishan,5 - 9,2300,5.21%
Male,Bishan,10 - 14,2490,5.64%
Male,Bishan,15 - 19,2920,6.62%
Male,Bishan,20 - 24,3590,8.13%
Male,Bishan,25 - 29,3220,7.29%
Male,Bishan,30 - 34,2690,6.09%
Male,Bishan,35 - 39,2800,6.34%
Male,Bishan,40 - 44,3330,7.54%
Male,Bishan,45 - 49,3210,7.27%
Male,Bishan,50 - 54,3470,7.86%
Male,Bishan,55 - 59,3750,8.50%
Male,Bishan,60 - 64,3130,7.09%
Male,Bishan,65 - 69,2340,5.30%
Male,Bishan,70 - 74,1270,2.88%
Male,Bishan,75 - 79,970,2.20%
Male,Bishan,80 - 84,530,1.20%
Male,Bishan,85 & Over,330,0.75%
Male,Boon Lay,0 - 4,0,
Male,Boon Lay,5 - 9,0,
Male,Boon Lay,10 - 14,0,
Male,Boon Lay,15 - 19,0,
Male,Boon Lay,20 - 24,0,
Male,Boon Lay,25 - 29,0,
Male,Boon Lay,30 - 34,0,
Male,Boon Lay,35 - 39,0,
Male,Boon Lay,40 - 44,0,
Male,Boon Lay,45 - 49,0,
Male,Boon Lay,50 - 54,0,
Male,Boon Lay,55 - 59,0,
Male,Boon Lay,60 - 64,0,
Male,Boon Lay,65 - 69,0,
Male,Boon Lay,70 - 74,0,
Male,Boon Lay,75 - 79,0,
Male,Boon Lay,80 - 84,0,
Male,Boon Lay,85 & Over,0,
Male,Bukit Batok,0 - 4,2830,4.12%
Male,Bukit Batok,5 - 9,3450,5.02%
Male,Bukit Batok,10 - 14,4010,5.84%
Male,Bukit Batok,15 - 19,4680,6.81%
Male,Bukit Batok,20 - 24,5060,7.37%
Male,Bukit Batok,25 - 29,5220,7.60%
Male,Bukit Batok,30 - 34,4650,6.77%
Male,Bukit Batok,35 - 39,4710,6.86%
Male,Bukit Batok,40 - 44,5300,7.72%
Male,Bukit Batok,45 - 49,5600,8.15%
Male,Bukit Batok,50 - 54,6020,8.76%
Male,Bukit Batok,55 - 59,5920,8.62%
Male,Bukit Batok,60 - 64,4780,6.96%
Male,Bukit Batok,65 - 69,3010,4.38%
Male,Bukit Batok,70 - 74,1450,2.11%
Male,Bukit Batok,75 - 79,1060,1.54%
Male,Bukit Batok,80 - 84,570,0.83%
Male,Bukit Batok,85 & Over,370,0.54%
Male,Bukit Merah,0 - 4,3680,4.87%
Male,Bukit Merah,5 - 9,3750,4.96%
Male,Bukit Merah,10 - 14,3420,4.53%
Male,Bukit Merah,15 - 19,3420,4.53%
Male,Bukit Merah,20 - 24,3850,5.10%
Male,Bukit Merah,25 - 29,4540,6.01%
Male,Bukit Merah,30 - 34,5240,6.94%
Male,Bukit Merah,35 - 39,6080,8.05%
Male,Bukit Merah,40 - 44,6260,8.29%
Male,Bukit Merah,45 - 49,5780,7.65%
Male,Bukit Merah,50 - 54,5790,7.66%
Male,Bukit Merah,55 - 59,5970,7.90%
Male,Bukit Merah,60 - 64,5240,6.94%
Male,Bukit Merah,65 - 69,4600,6.09%
Male,Bukit Merah,70 - 74,2890,3.83%
Male,Bukit Merah,75 - 79,2500,3.31%
Male,Bukit Merah,80 - 84,1480,1.96%
Male,Bukit Merah,85 & Over,1050,1.39%
Male,Bukit Panjang,0 - 4,3770,5.44%
Male,Bukit Panjang,5 - 9,3850,5.56%
Male,Bukit Panjang,10 - 14,4340,6.27%
Male,Bukit Panjang,15 - 19,4800,6.93%
Male,Bukit Panjang,20 - 24,5350,7.73%
Male,Bukit Panjang,25 - 29,5380,7.77%
Male,Bukit Panjang,30 - 34,5270,7.61%
Male,Bukit Panjang,35 - 39,4830,6.98%
Male,Bukit Panjang,40 - 44,5420,7.83%
Male,Bukit Panjang,45 - 49,5240,7.57%
Male,Bukit Panjang,50 - 54,5730,8.28%
Male,Bukit Panjang,55 - 59,5530,7.99%
Male,Bukit Panjang,60 - 64,4030,5.82%
Male,Bukit Panjang,65 - 69,2630,3.80%
Male,Bukit Panjang,70 - 74,1300,1.88%
Male,Bukit Panjang,75 - 79,900,1.30%
Male,Bukit Panjang,80 - 84,530,0.77%
Male,Bukit Panjang,85 & Over,340,0.49%
Male,Bukit Timah,0 - 4,1520,4.38%
Male,Bukit Timah,5 - 9,2020,5.82%
Male,Bukit Timah,10 - 14,2260,6.51%
Male,Bukit Timah,15 - 19,2260,6.51%
Male,Bukit Timah,20 - 24,2330,6.71%
Male,Bukit Timah,25 - 29,1960,5.65%
Male,Bukit Timah,30 - 34,1690,4.87%
Male,Bukit Timah,35 - 39,2180,6.28%
Male,Bukit Timah,40 - 44,3050,8.79%
Male,Bukit Timah,45 - 49,3040,8.76%
Male,Bukit Timah,50 - 54,2770,7.98%
Male,Bukit Timah,55 - 59,2550,7.35%
Male,Bukit Timah,60 - 64,2210,6.37%
Male,Bukit Timah,65 - 69,1930,5.56%
Male,Bukit Timah,70 - 74,1140,3.28%
Male,Bukit Timah,75 - 79,860,2.48%
Male,Bukit Timah,80 - 84,560,1.61%
Male,Bukit Timah,85 & Over,380,1.09%
Male,Central Water Catchment,0 - 4,0,
Male,Central Water Catchment,5 - 9,0,
Male,Central Water Catchment,10 - 14,0,
Male,Central Water Catchment,15 - 19,0,
Male,Central Water Catchment,20 - 24,0,
Male,Central Water Catchment,25 - 29,0,
Male,Central Water Catchment,30 - 34,0,
Male,Central Water Catchment,35 - 39,0,
Male,Central Water Catchment,40 - 44,0,
Male,Central Water Catchment,45 - 49,0,
Male,Central Water Catchment,50 - 54,0,
Male,Central Water Catchment,55 - 59,0,
Male,Central Water Catchment,60 - 64,0,
Male,Central Water Catchment,65 - 69,0,
Male,Central Water Catchment,70 - 74,0,
Male,Central Water Catchment,75 - 79,0,
Male,Central Water Catchment,80 - 84,0,
Male,Central Water Catchment,85 & Over,0,
Male,Changi,0 - 4,90,6.92%
Male,Changi,5 - 9,110,8.46%
Male,Changi,10 - 14,120,9.23%
Male,Changi,15 - 19,90,6.92%
Male,Changi,20 - 24,60,4.62%
Male,Changi,25 - 29,50,3.85%
Male,Changi,30 - 34,70,5.38%
Male,Changi,35 - 39,110,8.46%
Male,Changi,40 - 44,160,12.31%
Male,Changi,45 - 49,120,9.23%
Male,Changi,50 - 54,80,6.15%
Male,Changi,55 - 59,60,4.62%
Male,Changi,60 - 64,60,4.62%
Male,Changi,65 - 69,50,3.85%
Male,Changi,70 - 74,30,2.31%
Male,Changi,75 - 79,10,0.77%
Male,Changi,80 - 84,10,0.77%
Male,Changi,85 & Over,20,1.54%
Male,Changi Bay,0 - 4,0,
Male,Changi Bay,5 - 9,0,
Male,Changi Bay,10 - 14,0,
Male,Changi Bay,15 - 19,0,
Male,Changi Bay,20 - 24,0,
Male,Changi Bay,25 - 29,0,
Male,Changi Bay,30 - 34,0,
Male,Changi Bay,35 - 39,0,
Male,Changi Bay,40 - 44,0,
Male,Changi Bay,45 - 49,0,
Male,Changi Bay,50 - 54,0,
Male,Changi Bay,55 - 59,0,
Male,Changi Bay,60 - 64,0,
Male,Changi Bay,65 - 69,0,
Male,Changi Bay,70 - 74,0,
Male,Changi Bay,75 - 79,0,
Male,Changi Bay,80 - 84,0,
Male,Changi Bay,85 & Over,0,
Male,Choa Chu Kang,0 - 4,3650,4.19%
Male,Choa Chu Kang,5 - 9,4840,5.56%
Male,Choa Chu Kang,10 - 14,5700,6.55%
Male,Choa Chu Kang,15 - 19,7680,8.82%
Male,Choa Chu Kang,20 - 24,7820,8.99%
Male,Choa Chu Kang,25 - 29,6070,6.97%
Male,Choa Chu Kang,30 - 34,5520,6.34%
Male,Choa Chu Kang,35 - 39,5670,6.51%
Male,Choa Chu Kang,40 - 44,6430,7.39%
Male,Choa Chu Kang,45 - 49,7690,8.84%
Male,Choa Chu Kang,50 - 54,8360,9.61%
Male,Choa Chu Kang,55 - 59,6840,7.86%
Male,Choa Chu Kang,60 - 64,4650,5.34%
Male,Choa Chu Kang,65 - 69,2840,3.26%
Male,Choa Chu Kang,70 - 74,1400,1.61%
Male,Choa Chu Kang,75 - 79,980,1.13%
Male,Choa Chu Kang,80 - 84,540,0.62%
Male,Choa Chu Kang,85 & Over,350,0.40%
Male,Clementi,0 - 4,1970,4.48%
Male,Clementi,5 - 9,2250,5.12%
Male,Clementi,10 - 14,2280,5.19%
Male,Clementi,15 - 19,2360,5.37%
Male,Clementi,20 - 24,2430,5.53%
Male,Clementi,25 - 29,2790,6.35%
Male,Clementi,30 - 34,3180,7.24%
Male,Clementi,35 - 39,3430,7.81%
Male,Clementi,40 - 44,3670,8.35%
Male,Clementi,45 - 49,3390,7.72%
Male,Clementi,50 - 54,3490,7.94%
Male,Clementi,55 - 59,3040,6.92%
Male,Clementi,60 - 64,2900,6.60%
Male,Clementi,65 - 69,2900,6.60%
Male,Clementi,70 - 74,1610,3.66%
Male,Clementi,75 - 79,1220,2.78%
Male,Clementi,80 - 84,600,1.37%
Male,Clementi,85 & Over,420,0.96%
Male,Downtown Core,0 - 4,40,2.35%
Male,Downtown Core,5 - 9,50,2.94%
Male,Downtown Core,10 - 14,30,1.76%
Male,Downtown Core,15 - 19,70,4.12%
Male,Downtown Core,20 - 24,50,2.94%
Male,Downtown Core,25 - 29,100,5.88%
Male,Downtown Core,30 - 34,150,8.82%
Male,Downtown Core,35 - 39,150,8.82%
Male,Downtown Core,40 - 44,170,10.00%
Male,Downtown Core,45 - 49,170,10.00%
Male,Downtown Core,50 - 54,140,8.24%
Male,Downtown Core,55 - 59,160,9.41%
Male,Downtown Core,60 - 64,110,6.47%
Male,Downtown Core,65 - 69,110,6.47%
Male,Downtown Core,70 - 74,60,3.53%
Male,Downtown Core,75 - 79,50,2.94%
Male,Downtown Core,80 - 84,20,1.18%
Male,Downtown Core,85 & Over,70,4.12%
Male,Geylang,0 - 4,2290,3.94%
Male,Geylang,5 - 9,2810,4.84%
Male,Geylang,10 - 14,2720,4.68%
Male,Geylang,15 - 19,3220,5.54%
Male,Geylang,20 - 24,3830,6.59%
Male,Geylang,25 - 29,4090,7.04%
Male,Geylang,30 - 34,3940,6.78%
Male,Geylang,35 - 39,4180,7.19%
Male,Geylang,40 - 44,4470,7.69%
Male,Geylang,45 - 49,4440,7.64%
Male,Geylang,50 - 54,5000,8.61%
Male,Geylang,55 - 59,5000,8.61%
Male,Geylang,60 - 64,4090,7.04%
Male,Geylang,65 - 69,3140,5.40%
Male,Geylang,70 - 74,1840,3.17%
Male,Geylang,75 - 79,1460,2.51%
Male,Geylang,80 - 84,920,1.58%
Male,Geylang,85 & Over,660,1.14%
Male,Hougang,0 - 4,4290,3.91%
Male,Hougang,5 - 9,5010,4.57%
Male,Hougang,10 - 14,5980,5.45%
Male,Hougang,15 - 19,7400,6.75%
Male,Hougang,20 - 24,8600,7.84%
Male,Hougang,25 - 29,8360,7.63%
Male,Hougang,30 - 34,7250,6.61%
Male,Hougang,35 - 39,6980,6.37%
Male,Hougang,40 - 44,8110,7.40%
Male,Hougang,45 - 49,8180,7.46%
Male,Hougang,50 - 54,9780,8.92%
Male,Hougang,55 - 59,9720,8.87%
Male,Hougang,60 - 64,7670,7.00%
Male,Hougang,65 - 69,5430,4.95%
Male,Hougang,70 - 74,2820,2.57%
Male,Hougang,75 - 79,2120,1.93%
Male,Hougang,80 - 84,1200,1.09%
Male,Hougang,85 & Over,730,0.67%
Male,Jurong East,0 - 4,1660,3.93%
Male,Jurong East,5 - 9,1960,4.64%
Male,Jurong East,10 - 14,2350,5.56%
Male,Jurong East,15 - 19,2570,6.08%
Male,Jurong East,20 - 24,2990,7.07%
Male,Jurong East,25 - 29,3300,7.81%
Male,Jurong East,30 - 34,3110,7.36%
Male,Jurong East,35 - 39,2900,6.86%
Male,Jurong East,40 - 44,3210,7.59%
Male,Jurong East,45 - 49,3170,7.50%
Male,Jurong East,50 - 54,3350,7.92%
Male,Jurong East,55 - 59,3450,8.16%
Male,Jurong East,60 - 64,3230,7.64%
Male,Jurong East,65 - 69,2390,5.65%
Male,Jurong East,70 - 74,1200,2.84%
Male,Jurong East,75 - 79,760,1.80%
Male,Jurong East,80 - 84,430,1.02%
Male,Jurong East,85 & Over,250,0.59%
Male,Jurong West,0 - 4,6850,4.98%
Male,Jurong West,5 - 9,8120,5.90%
Male,Jurong West,10 - 14,8630,6.27%
Male,Jurong West,15 - 19,9200,6.68%
Male,Jurong West,20 - 24,9750,7.08%
Male,Jurong West,25 - 29,9840,7.15%
Male,Jurong West,30 - 34,10680,7.76%
Male,Jurong West,35 - 39,11670,8.48%
Male,Jurong West,40 - 44,11790,8.57%
Male,Jurong West,45 - 49,11180,8.12%
Male,Jurong West,50 - 54,10940,7.95%
Male,Jurong West,55 - 59,9760,7.09%
Male,Jurong West,60 - 64,8040,5.84%
Male,Jurong West,65 - 69,5620,4.08%
Male,Jurong West,70 - 74,2540,1.85%
Male,Jurong West,75 - 79,1690,1.23%
Male,Jurong West,80 - 84,850,0.62%
Male,Jurong West,85 & Over,480,0.35%
Male,Kallang,0 - 4,2230,4.42%
Male,Kallang,5 - 9,2250,4.46%
Male,Kallang,10 - 14,2320,4.60%
Male,Kallang,15 - 19,2420,4.80%
Male,Kallang,20 - 24,2560,5.07%
Male,Kallang,25 - 29,2970,5.89%
Male,Kallang,30 - 34,3370,6.68%
Male,Kallang,35 - 39,3980,7.89%
Male,Kallang,40 - 44,4290,8.50%
Male,Kallang,45 - 49,4040,8.01%
Male,Kallang,50 - 54,4130,8.19%
Male,Kallang,55 - 59,4160,8.25%
Male,Kallang,60 - 64,3620,7.18%
Male,Kallang,65 - 69,3040,6.03%
Male,Kallang,70 - 74,1870,3.71%
Male,Kallang,75 - 79,1590,3.15%
Male,Kallang,80 - 84,930,1.84%
Male,Kallang,85 & Over,680,1.35%
Male,Lim Chu Kang,0 - 4,0,
Male,Lim Chu Kang,5 - 9,0,
Male,Lim Chu Kang,10 - 14,0,
Male,Lim Chu Kang,15 - 19,0,
Male,Lim Chu Kang,20 - 24,0,
Male,Lim Chu Kang,25 - 29,0,
Male,Lim Chu Kang,30 - 34,0,
Male,Lim Chu Kang,35 - 39,0,
Male,Lim Chu Kang,40 - 44,0,
Male,Lim Chu Kang,45 - 49,0,
Male,Lim Chu Kang,50 - 54,0,
Male,Lim Chu Kang,55 - 59,0,
Male,Lim Chu Kang,60 - 64,0,
Male,Lim Chu Kang,65 - 69,0,
Male,Lim Chu Kang,70 - 74,0,
Male,Lim Chu Kang,75 - 79,0,
Male,Lim Chu Kang,80 - 84,0,
Male,Lim Chu Kang,85 & Over,0,
Male,Mandai,0 - 4,50,5.00%
Male,Mandai,5 - 9,50,5.00%
Male,Mandai,10 - 14,70,7.00%
Male,Mandai,15 - 19,80,8.00%
Male,Mandai,20 - 24,60,6.00%
Male,Mandai,25 - 29,70,7.00%
Male,Mandai,30 - 34,70,7.00%
Male,Mandai,35 - 39,70,7.00%
Male,Mandai,40 - 44,90,9.00%
Male,Mandai,45 - 49,80,8.00%
Male,Mandai,50 - 54,80,8.00%
Male,Mandai,55 - 59,70,7.00%
Male,Mandai,60 - 64,50,5.00%
Male,Mandai,65 - 69,40,4.00%
Male,Mandai,70 - 74,30,3.00%
Male,Mandai,75 - 79,20,2.00%
Male,Mandai,80 - 84,10,1.00%
Male,Mandai,85 & Over,10,1.00%
Male,Marina East,0 - 4,0,
Male,Marina East,5 - 9,0,
Male,Marina East,10 - 14,0,
Male,Marina East,15 - 19,0,
Male,Marina East,20 - 24,0,
Male,Marina East,25 - 29,0,
Male,Marina East,30 - 34,0,
Male,Marina East,35 - 39,0,
Male,Marina East,40 - 44,0,
Male,Marina East,45 - 49,0,
Male,Marina East,50 - 54,0,
Male,Marina East,55 - 59,0,
Male,Marina East,60 - 64,0,
Male,Marina East,65 - 69,0,
Male,Marina East,70 - 74,0,
Male,Marina East,75 - 79,0,
Male,Marina East,80 - 84,0,
Male,Marina East,85 & Over,0,
Male,Marina South,0 - 4,0,
Male,Marina South,5 - 9,0,
Male,Marina South,10 - 14,0,
Male,Marina South,15 - 19,0,
Male,Marina South,20 - 24,0,
Male,Marina South,25 - 29,0,
Male,Marina South,30 - 34,0,
Male,Marina South,35 - 39,0,
Male,Marina South,40 - 44,0,
Male,Marina South,45 - 49,0,
Male,Marina South,50 - 54,0,
Male,Marina South,55 - 59,0,
Male,Marina South,60 - 64,0,
Male,Marina South,65 - 69,0,
Male,Marina South,70 - 74,0,
Male,Marina South,75 - 79,0,
Male,Marina South,80 - 84,0,
Male,Marina South,85 & Over,0,
Male,Marine Parade,0 - 4,1130,4.92%
Male,Marine Parade,5 - 9,1320,5.75%
Male,Marine Parade,10 - 14,1330,5.79%
Male,Marine Parade,15 - 19,1270,5.53%
Male,Marine Parade,20 - 24,1290,5.62%
Male,Marine Parade,25 - 29,1230,5.35%
Male,Marine Parade,30 - 34,1270,5.53%
Male,Marine Parade,35 - 39,1730,7.53%
Male,Marine Parade,40 - 44,2150,9.36%
Male,Marine Parade,45 - 49,1910,8.32%
Male,Marine Parade,50 - 54,1770,7.71%
Male,Marine Parade,55 - 59,1680,7.31%
Male,Marine Parade,60 - 64,1350,5.88%
Male,Marine Parade,65 - 69,1250,5.44%
Male,Marine Parade,70 - 74,800,3.48%
Male,Marine Parade,75 - 79,730,3.18%
Male,Marine Parade,80 - 84,440,1.92%
Male,Marine Parade,85 & Over,320,1.39%
Male,Museum,0 - 4,10,6.25%
Male,Museum,5 - 9,10,6.25%
Male,Museum,10 - 14,0,0.00%
Male,Museum,15 - 19,0,0.00%
Male,Museum,20 - 24,0,0.00%
Male,Museum,25 - 29,0,0.00%
Male,Museum,30 - 34,10,6.25%
Male,Museum,35 - 39,30,18.75%
Male,Museum,40 - 44,30,18.75%
Male,Museum,45 - 49,20,12.50%
Male,Museum,50 - 54,20,12.50%
Male,Museum,55 - 59,10,6.25%
Male,Museum,60 - 64,10,6.25%
Male,Museum,65 - 69,10,6.25%
Male,Museum,70 - 74,0,0.00%
Male,Museum,75 - 79,0,0.00%
Male,Museum,80 - 84,0,0.00%
Male,Museum,85 & Over,0,0.00%
Male,Newton,0 - 4,160,4.91%
Male,Newton,5 - 9,270,8.28%
Male,Newton,10 - 14,170,5.21%
Male,Newton,15 - 19,150,4.60%
Male,Newton,20 - 24,110,3.37%
Male,Newton,25 - 29,120,3.68%
Male,Newton,30 - 34,160,4.91%
Male,Newton,35 - 39,230,7.06%
Male,Newton,40 - 44,340,10.43%
Male,Newton,45 - 49,330,10.12%
Male,Newton,50 - 54,300,9.20%
Male,Newton,55 - 59,240,7.36%
Male,Newton,60 - 64,230,7.06%
Male,Newton,65 - 69,190,5.83%
Male,Newton,70 - 74,90,2.76%
Male,Newton,75 - 79,70,2.15%
Male,Newton,80 - 84,50,1.53%
Male,Newton,85 & Over,50,1.53%
Male,North-Eastern Islands,0 - 4,0,
Male,North-Eastern Islands,5 - 9,0,
Male,North-Eastern Islands,10 - 14,0,
Male,North-Eastern Islands,15 - 19,0,
Male,North-Eastern Islands,20 - 24,0,
Male,North-Eastern Islands,25 - 29,0,
Male,North-Eastern Islands,30 - 34,0,
Male,North-Eastern Islands,35 - 39,0,
Male,North-Eastern Islands,40 - 44,0,
Male,North-Eastern Islands,45 - 49,0,
Male,North-Eastern Islands,50 - 54,0,
Male,North-Eastern Islands,55 - 59,0,
Male,North-Eastern Islands,60 - 64,0,
Male,North-Eastern Islands,65 - 69,0,
Male,North-Eastern Islands,70 - 74,0,
Male,North-Eastern Islands,75 - 79,0,
Male,North-Eastern Islands,80 - 84,0,
Male,North-Eastern Islands,85 & Over,0,
Male,Novena,0 - 4,1150,4.96%
Male,Novena,5 - 9,1530,6.59%
Male,Novena,10 - 14,1310,5.65%
Male,Novena,15 - 19,1280,5.52%
Male,Novena,20 - 24,1250,5.39%
Male,Novena,25 - 29,1240,5.34%
Male,Novena,30 - 34,1350,5.82%
Male,Novena,35 - 39,1790,7.72%
Male,Novena,40 - 44,2220,9.57%
Male,Novena,45 - 49,1940,8.36%
Male,Novena,50 - 54,1870,8.06%
Male,Novena,55 - 59,1680,7.24%
Male,Novena,60 - 64,1380,5.95%
Male,Novena,65 - 69,1160,5.00%
Male,Novena,70 - 74,740,3.19%
Male,Novena,75 - 79,590,2.54%
Male,Novena,80 - 84,400,1.72%
Male,Novena,85 & Over,320,1.38%
Male,Orchard,0 - 4,20,4.88%
Male,Orchard,5 - 9,20,4.88%
Male,Orchard,10 - 14,20,4.88%
Male,Orchard,15 - 19,10,2.44%
Male,Orchard,20 - 24,0,0.00%
Male,Orchard,25 - 29,30,7.32%
Male,Orchard,30 - 34,30,7.32%
Male,Orchard,35 - 39,20,4.88%
Male,Orchard,40 - 44,40,9.76%
Male,Orchard,45 - 49,40,9.76%
Male,Orchard,50 - 54,40,9.76%
Male,Orchard,55 - 59,50,12.20%
Male,Orchard,60 - 64,30,7.32%
Male,Orchard,65 - 69,30,7.32%
Male,Orchard,70 - 74,10,2.44%
Male,Orchard,75 - 79,20,4.88%
Male,Orchard,80 - 84,0,0.00%
Male,Orchard,85 & Over,0,0.00%
Male,Outram,0 - 4,610,5.49%
Male,Outram,5 - 9,530,4.77%
Male,Outram,10 - 14,350,3.15%
Male,Outram,15 - 19,390,3.51%
Male,Outram,20 - 24,400,3.60%
Male,Outram,25 - 29,550,4.95%
Male,Outram,30 - 34,790,7.11%
Male,Outram,35 - 39,1040,9.36%
Male,Outram,40 - 44,920,8.28%
Male,Outram,45 - 49,770,6.93%
Male,Outram,50 - 54,910,8.19%
Male,Outram,55 - 59,920,8.28%
Male,Outram,60 - 64,840,7.56%
Male,Outram,65 - 69,750,6.75%
Male,Outram,70 - 74,480,4.32%
Male,Outram,75 - 79,410,3.69%
Male,Outram,80 - 84,240,2.16%
Male,Outram,85 & Over,210,1.89%
Male,Pasir Ris,0 - 4,2960,4.28%
Male,Pasir Ris,5 - 9,3650,5.27%
Male,Pasir Ris,10 - 14,4650,6.72%
Male,Pasir Ris,15 - 19,6340,9.16%
Male,Pasir Ris,20 - 24,6910,9.99%
Male,Pasir Ris,25 - 29,4620,6.68%
Male,Pasir Ris,30 - 34,3870,5.59%
Male,Pasir Ris,35 - 39,4160,6.01%
Male,Pasir Ris,40 - 44,4960,7.17%
Male,Pasir Ris,45 - 49,5760,8.32%
Male,Pasir Ris,50 - 54,7250,10.48%
Male,Pasir Ris,55 - 59,5460,7.89%
Male,Pasir Ris,60 - 64,3710,5.36%
Male,Pasir Ris,65 - 69,2210,3.19%
Male,Pasir Ris,70 - 74,1040,1.50%
Male,Pasir Ris,75 - 79,800,1.16%
Male,Pasir Ris,80 - 84,510,0.74%
Male,Pasir Ris,85 & Over,340,0.49%
Male,Paya Lebar,0 - 4,0,
Male,Paya Lebar,5 - 9,0,
Male,Paya Lebar,10 - 14,0,
Male,Paya Lebar,15 - 19,0,
Male,Paya Lebar,20 - 24,0,
Male,Paya Lebar,25 - 29,0,
Male,Paya Lebar,30 - 34,0,
Male,Paya Lebar,35 - 39,0,
Male,Paya Lebar,40 - 44,0,
Male,Paya Lebar,45 - 49,0,
Male,Paya Lebar,50 - 54,0,
Male,Paya Lebar,55 - 59,0,
Male,Paya Lebar,60 - 64,0,
Male,Paya Lebar,65 - 69,0,
Male,Paya Lebar,70 - 74,0,
Male,Paya Lebar,75 - 79,0,
Male,Paya Lebar,80 - 84,0,
Male,Paya Lebar,85 & Over,0,
Male,Pioneer,0 - 4,0,
Male,Pioneer,5 - 9,0,
Male,Pioneer,10 - 14,0,
Male,Pioneer,15 - 19,0,
Male,Pioneer,20 - 24,0,
Male,Pioneer,25 - 29,0,
Male,Pioneer,30 - 34,0,
Male,Pioneer,35 - 39,0,
Male,Pioneer,40 - 44,0,
Male,Pioneer,45 - 49,0,
Male,Pioneer,50 - 54,0,
Male,Pioneer,55 - 59,0,
Male,Pioneer,60 - 64,0,
Male,Pioneer,65 - 69,0,
Male,Pioneer,70 - 74,0,
Male,Pioneer,75 - 79,0,
Male,Pioneer,80 - 84,0,
Male,Pioneer,85 & Over,0,
Male,Punggol,0 - 4,6140,11.34%
Male,Punggol,5 - 9,4750,8.77%
Male,Punggol,10 - 14,3170,5.86%
Male,Punggol,15 - 19,2330,4.30%
Male,Punggol,20 - 24,1950,3.60%
Male,Punggol,25 - 29,2700,4.99%
Male,Punggol,30 - 34,7130,13.17%
Male,Punggol,35 - 39,6880,12.71%
Male,Punggol,40 - 44,5630,10.40%
Male,Punggol,45 - 49,3450,6.37%
Male,Punggol,50 - 54,2890,5.34%
Male,Punggol,55 - 59,2280,4.21%
Male,Punggol,60 - 64,1830,3.38%
Male,Punggol,65 - 69,1430,2.64%
Male,Punggol,70 - 74,700,1.29%
Male,Punggol,75 - 79,470,0.87%
Male,Punggol,80 - 84,270,0.50%
Male,Punggol,85 & Over,140,0.26%
Male,Queenstown,0 - 4,2310,4.99%
Male,Queenstown,5 - 9,2270,4.90%
Male,Queenstown,10 - 14,2190,4.73%
Male,Queenstown,15 - 19,2390,5.16%
Male,Queenstown,20 - 24,2560,5.53%
Male,Queenstown,25 - 29,2840,6.13%
Male,Queenstown,30 - 34,3380,7.30%
Male,Queenstown,35 - 39,3550,7.67%
Male,Queenstown,40 - 44,4000,8.64%
Male,Queenstown,45 - 49,3650,7.88%
Male,Queenstown,50 - 54,3790,8.19%
Male,Queenstown,55 - 59,3190,6.89%
Male,Queenstown,60 - 64,2840,6.13%
Male,Queenstown,65 - 69,2580,5.57%
Male,Queenstown,70 - 74,1640,3.54%
Male,Queenstown,75 - 79,1530,3.30%
Male,Queenstown,80 - 84,970,2.10%
Male,Queenstown,85 & Over,620,1.34%
Male,River Valley,0 - 4,190,4.40%
Male,River Valley,5 - 9,230,5.32%
Male,River Valley,10 - 14,240,5.56%
Male,River Valley,15 - 19,180,4.17%
Male,River Valley,20 - 24,200,4.63%
Male,River Valley,25 - 29,230,5.32%
Male,River Valley,30 - 34,260,6.02%
Male,River Valley,35 - 39,380,8.80%
Male,River Valley,40 - 44,500,11.57%
Male,River Valley,45 - 49,460,10.65%
Male,River Valley,50 - 54,350,8.10%
Male,River Valley,55 - 59,310,7.18%
Male,River Valley,60 - 64,250,5.79%
Male,River Valley,65 - 69,230,5.32%
Male,River Valley,70 - 74,120,2.78%
Male,River Valley,75 - 79,80,1.85%
Male,River Valley,80 - 84,60,1.39%
Male,River Valley,85 & Over,50,1.16%
Male,Rochor,0 - 4,260,3.48%
Male,Rochor,5 - 9,270,3.61%
Male,Rochor,10 - 14,270,3.61%
Male,Rochor,15 - 19,330,4.41%
Male,Rochor,20 - 24,300,4.01%
Male,Rochor,25 - 29,440,5.88%
Male,Rochor,30 - 34,520,6.95%
Male,Rochor,35 - 39,680,9.09%
Male,Rochor,40 - 44,690,9.22%
Male,Rochor,45 - 49,550,7.35%
Male,Rochor,50 - 54,630,8.42%
Male,Rochor,55 - 59,610,8.16%
Male,Rochor,60 - 64,520,6.95%
Male,Rochor,65 - 69,420,5.61%
Male,Rochor,70 - 74,310,4.14%
Male,Rochor,75 - 79,240,3.21%
Male,Rochor,80 - 84,190,2.54%
Male,Rochor,85 & Over,250,3.34%
Male,Seletar,0 - 4,10,7.69%
Male,Seletar,5 - 9,10,7.69%
Male,Seletar,10 - 14,10,7.69%
Male,Seletar,15 - 19,10,7.69%
Male,Seletar,20 - 24,0,0.00%
Male,Seletar,25 - 29,0,0.00%
Male,Seletar,30 - 34,0,0.00%
Male,Seletar,35 - 39,10,7.69%
Male,Seletar,40 - 44,20,15.38%
Male,Seletar,45 - 49,20,15.38%
Male,Seletar,50 - 54,20,15.38%
Male,Seletar,55 - 59,10,7.69%
Male,Seletar,60 - 64,10,7.69%
Male,Seletar,65 - 69,0,0.00%
Male,Seletar,70 - 74,0,0.00%
Male,Seletar,75 - 79,0,0.00%
Male,Seletar,80 - 84,0,0.00%
Male,Seletar,85 & Over,0,0.00%
Male,Sembawang,0 - 4,2270,6.00%
Male,Sembawang,5 - 9,2750,7.27%
Male,Sembawang,10 - 14,2770,7.32%
Male,Sembawang,15 - 19,2490,6.58%
Male,Sembawang,20 - 24,2290,6.05%
Male,Sembawang,25 - 29,2520,6.66%
Male,Sembawang,30 - 34,2930,7.74%
Male,Sembawang,35 - 39,3390,8.96%
Male,Sembawang,40 - 44,3710,9.80%
Male,Sembawang,45 - 49,3150,8.32%
Male,Sembawang,50 - 54,2930,7.74%
Male,Sembawang,55 - 59,2470,6.53%
Male,Sembawang,60 - 64,1750,4.62%
Male,Sembawang,65 - 69,1070,2.83%
Male,Sembawang,70 - 74,570,1.51%
Male,Sembawang,75 - 79,390,1.03%
Male,Sembawang,80 - 84,230,0.61%
Male,Sembawang,85 & Over,170,0.45%
Male,Sengkang,0 - 4,7880,7.74%
Male,Sengkang,5 - 9,7700,7.56%
Male,Sengkang,10 - 14,6510,6.39%
Male,Sengkang,15 - 19,6110,6.00%
Male,Sengkang,20 - 24,5450,5.35%
Male,Sengkang,25 - 29,6460,6.34%
Male,Sengkang,30 - 34,9700,9.52%
Male,Sengkang,35 - 39,10270,10.08%
Male,Sengkang,40 - 44,9800,9.62%
Male,Sengkang,45 - 49,7670,7.53%
Male,Sengkang,50 - 54,6890,6.76%
Male,Sengkang,55 - 59,6290,6.18%
Male,Sengkang,60 - 64,4620,4.54%
Male,Sengkang,65 - 69,3090,3.03%
Male,Sengkang,70 - 74,1570,1.54%
Male,Sengkang,75 - 79,1030,1.01%
Male,Sengkang,80 - 84,480,0.47%
Male,Sengkang,85 & Over,340,0.33%
Male,Serangoon,0 - 4,2100,3.59%
Male,Serangoon,5 - 9,2610,4.46%
Male,Serangoon,10 - 14,3210,5.49%
Male,Serangoon,15 - 19,4090,7.00%
Male,Serangoon,20 - 24,4660,7.97%
Male,Serangoon,25 - 29,4550,7.78%
Male,Serangoon,30 - 34,3630,6.21%
Male,Serangoon,35 - 39,3500,5.99%
Male,Serangoon,40 - 44,3980,6.81%
Male,Serangoon,45 - 49,4080,6.98%
Male,Serangoon,50 - 54,4700,8.04%
Male,Serangoon,55 - 59,5190,8.88%
Male,Serangoon,60 - 64,4540,7.76%
Male,Serangoon,65 - 69,3320,5.68%
Male,Serangoon,70 - 74,1690,2.89%
Male,Serangoon,75 - 79,1310,2.24%
Male,Serangoon,80 - 84,790,1.35%
Male,Serangoon,85 & Over,520,0.89%
Male,Simpang,0 - 4,0,
Male,Simpang,5 - 9,0,
Male,Simpang,10 - 14,0,
Male,Simpang,15 - 19,0,
Male,Simpang,20 - 24,0,
Male,Simpang,25 - 29,0,
Male,Simpang,30 - 34,0,
Male,Simpang,35 - 39,0,
Male,Simpang,40 - 44,0,
Male,Simpang,45 - 49,0,
Male,Simpang,50 - 54,0,
Male,Simpang,55 - 59,0,
Male,Simpang,60 - 64,0,
Male,Simpang,65 - 69,0,
Male,Simpang,70 - 74,0,
Male,Simpang,75 - 79,0,
Male,Simpang,80 - 84,0,
Male,Simpang,85 & Over,0,
Male,Singapore River,0 - 4,80,6.20%
Male,Singapore River,5 - 9,80,6.20%
Male,Singapore River,10 - 14,50,3.88%
Male,Singapore River,15 - 19,40,3.10%
Male,Singapore River,20 - 24,30,2.33%
Male,Singapore River,25 - 29,30,2.33%
Male,Singapore River,30 - 34,110,8.53%
Male,Singapore River,35 - 39,180,13.95%
Male,Singapore River,40 - 44,200,15.50%
Male,Singapore River,45 - 49,150,11.63%
Male,Singapore River,50 - 54,120,9.30%
Male,Singapore River,55 - 59,60,4.65%
Male,Singapore River,60 - 64,50,3.88%
Male,Singapore River,65 - 69,50,3.88%
Male,Singapore River,70 - 74,30,2.33%
Male,Singapore River,75 - 79,10,0.78%
Male,Singapore River,80 - 84,0,0.00%
Male,Singapore River,85 & Over,20,1.55%
Male,Southern Islands,0 - 4,50,7.04%
Male,Southern Islands,5 - 9,30,4.23%
Male,Southern Islands,10 - 14,40,5.63%
Male,Southern Islands,15 - 19,20,2.82%
Male,Southern Islands,20 - 24,40,5.63%
Male,Southern Islands,25 - 29,30,4.23%
Male,Southern Islands,30 - 34,20,2.82%
Male,Southern Islands,35 - 39,60,8.45%
Male,Southern Islands,40 - 44,70,9.86%
Male,Southern Islands,45 - 49,100,14.08%
Male,Southern Islands,50 - 54,110,15.49%
Male,Southern Islands,55 - 59,60,8.45%
Male,Southern Islands,60 - 64,40,5.63%
Male,Southern Islands,65 - 69,20,2.82%
Male,Southern Islands,70 - 74,10,1.41%
Male,Southern Islands,75 - 79,10,1.41%
Male,Southern Islands,80 - 84,0,0.00%
Male,Southern Islands,85 & Over,0,0.00%
Male,Straits View,0 - 4,0,
Male,Straits View,5 - 9,0,
Male,Straits View,10 - 14,0,
Male,Straits View,15 - 19,0,
Male,Straits View,20 - 24,0,
Male,Straits View,25 - 29,0,
Male,Straits View,30 - 34,0,
Male,Straits View,35 - 39,0,
Male,Straits View,40 - 44,0,
Male,Straits View,45 - 49,0,
Male,Straits View,50 - 54,0,
Male,Straits View,55 - 59,0,
Male,Straits View,60 - 64,0,
Male,Straits View,65 - 69,0,
Male,Straits View,70 - 74,0,
Male,Straits View,75 - 79,0,
Male,Straits View,80 - 84,0,
Male,Straits View,85 & Over,0,
Male,Sungei Kadut,0 - 4,20,4.88%
Male,Sungei Kadut,5 - 9,10,2.44%
Male,Sungei Kadut,10 - 14,20,4.88%
Male,Sungei Kadut,15 - 19,20,4.88%
Male,Sungei Kadut,20 - 24,20,4.88%
Male,Sungei Kadut,25 - 29,30,7.32%
Male,Sungei Kadut,30 - 34,20,4.88%
Male,Sungei Kadut,35 - 39,20,4.88%
Male,Sungei Kadut,40 - 44,20,4.88%
Male,Sungei Kadut,45 - 49,30,7.32%
Male,Sungei Kadut,50 - 54,20,4.88%
Male,Sungei Kadut,55 - 59,40,9.76%
Male,Sungei Kadut,60 - 64,30,7.32%
Male,Sungei Kadut,65 - 69,40,9.76%
Male,Sungei Kadut,70 - 74,30,7.32%
Male,Sungei Kadut,75 - 79,30,7.32%
Male,Sungei Kadut,80 - 84,10,2.44%
Male,Sungei Kadut,85 & Over,0,0.00%
Male,Tampines,0 - 4,5850,4.56%
Male,Tampines,5 - 9,6330,4.94%
Male,Tampines,10 - 14,7010,5.47%
Male,Tampines,15 - 19,9400,7.33%
Male,Tampines,20 - 24,10980,8.56%
Male,Tampines,25 - 29,10310,8.04%
Male,Tampines,30 - 34,9090,7.09%
Male,Tampines,35 - 39,8730,6.81%
Male,Tampines,40 - 44,8720,6.80%
Male,Tampines,45 - 49,9260,7.22%
Male,Tampines,50 - 54,10910,8.51%
Male,Tampines,55 - 59,10960,8.55%
Male,Tampines,60 - 64,8850,6.90%
Male,Tampines,65 - 69,5750,4.48%
Male,Tampines,70 - 74,2520,1.97%
Male,Tampines,75 - 79,1830,1.43%
Male,Tampines,80 - 84,1050,0.82%
Male,Tampines,85 & Over,670,0.52%
Male,Tanglin,0 - 4,460,5.26%
Male,Tanglin,5 - 9,580,6.63%
Male,Tanglin,10 - 14,510,5.83%
Male,Tanglin,15 - 19,440,5.03%
Male,Tanglin,20 - 24,420,4.80%
Male,Tanglin,25 - 29,380,4.34%
Male,Tanglin,30 - 34,450,5.14%
Male,Tanglin,35 - 39,670,7.66%
Male,Tanglin,40 - 44,930,10.63%
Male,Tanglin,45 - 49,880,10.06%
Male,Tanglin,50 - 54,760,8.69%
Male,Tanglin,55 - 59,610,6.97%
Male,Tanglin,60 - 64,540,6.17%
Male,Tanglin,65 - 69,460,5.26%
Male,Tanglin,70 - 74,270,3.09%
Male,Tanglin,75 - 79,170,1.94%
Male,Tanglin,80 - 84,120,1.37%
Male,Tanglin,85 & Over,100,1.14%
Male,Tengah,0 - 4,0,
Male,Tengah,5 - 9,0,
Male,Tengah,10 - 14,0,
Male,Tengah,15 - 19,0,
Male,Tengah,20 - 24,0,
Male,Tengah,25 - 29,0,
Male,Tengah,30 - 34,0,
Male,Tengah,35 - 39,0,
Male,Tengah,40 - 44,0,
Male,Tengah,45 - 49,0,
Male,Tengah,50 - 54,0,
Male,Tengah,55 - 59,0,
Male,Tengah,60 - 64,0,
Male,Tengah,65 - 69,0,
Male,Tengah,70 - 74,0,
Male,Tengah,75 - 79,0,
Male,Tengah,80 - 84,0,
Male,Tengah,85 & Over,0,
Male,Toa Payoh,0 - 4,2620,4.37%
Male,Toa Payoh,5 - 9,2930,4.88%
Male,Toa Payoh,10 - 14,2960,4.93%
Male,Toa Payoh,15 - 19,3290,5.48%
Male,Toa Payoh,20 - 24,3720,6.20%
Male,Toa Payoh,25 - 29,3650,6.08%
Male,Toa Payoh,30 - 34,3890,6.48%
Male,Toa Payoh,35 - 39,4270,7.12%
Male,Toa Payoh,40 - 44,4850,8.08%
Male,Toa Payoh,45 - 49,4620,7.70%
Male,Toa Payoh,50 - 54,4800,8.00%
Male,Toa Payoh,55 - 59,4930,8.22%
Male,Toa Payoh,60 - 64,4010,6.68%
Male,Toa Payoh,65 - 69,3350,5.58%
Male,Toa Payoh,70 - 74,2220,3.70%
Male,Toa Payoh,75 - 79,1930,3.22%
Male,Toa Payoh,80 - 84,1130,1.88%
Male,Toa Payoh,85 & Over,830,1.38%
Male,Tuas,0 - 4,0,
Male,Tuas,5 - 9,0,
Male,Tuas,10 - 14,0,
Male,Tuas,15 - 19,0,
Male,Tuas,20 - 24,0,
Male,Tuas,25 - 29,0,
Male,Tuas,30 - 34,0,
Male,Tuas,35 - 39,0,
Male,Tuas,40 - 44,0,
Male,Tuas,45 - 49,0,
Male,Tuas,50 - 54,0,
Male,Tuas,55 - 59,0,
Male,Tuas,60 - 64,0,
Male,Tuas,65 - 69,0,
Male,Tuas,70 - 74,0,
Male,Tuas,75 - 79,0,
Male,Tuas,80 - 84,0,
Male,Tuas,85 & Over,0,
Male,Western Islands,0 - 4,0,
Male,Western Islands,5 - 9,0,
Male,Western Islands,10 - 14,0,
Male,Western Islands,15 - 19,0,
Male,Western Islands,20 - 24,0,
Male,Western Islands,25 - 29,0,
Male,Western Islands,30 - 34,0,
Male,Western Islands,35 - 39,0,
Male,Western Islands,40 - 44,0,
Male,Western Islands,45 - 49,0,
Male,Western Islands,50 - 54,0,
Male,Western Islands,55 - 59,0,
Male,Western Islands,60 - 64,0,
Male,Western Islands,65 - 69,0,
Male,Western Islands,70 - 74,0,
Male,Western Islands,75 - 79,0,
Male,Western Islands,80 - 84,0,
Male,Western Islands,85 & Over,0,
Male,Western Water Catchment,0 - 4,30,7.32%
Male,Western Water Catchment,5 - 9,20,4.88%
Male,Western Water Catchment,10 - 14,30,7.32%
Male,Western Water Catchment,15 - 19,20,4.88%
Male,Western Water Catchment,20 - 24,20,4.88%
Male,Western Water Catchment,25 - 29,30,7.32%
Male,Western Water Catchment,30 - 34,20,4.88%
Male,Western Water Catchment,35 - 39,40,9.76%
Male,Western Water Catchment,40 - 44,50,12.20%
Male,Western Water Catchment,45 - 49,30,7.32%
Male,Western Water Catchment,50 - 54,40,9.76%
Male,Western Water Catchment,55 - 59,40,9.76%
Male,Western Water Catchment,60 - 64,20,4.88%
Male,Western Water Catchment,65 - 69,10,2.44%
Male,Western Water Catchment,70 - 74,10,2.44%
Male,Western Water Catchment,75 - 79,0,0.00%
Male,Western Water Catchment,80 - 84,0,0.00%
Male,Western Water Catchment,85 & Over,0,0.00%
Male,Woodlands,0 - 4,6200,4.92%
Male,Woodlands,5 - 9,7400,5.88%
Male,Woodlands,10 - 14,8790,6.98%
Male,Woodlands,15 - 19,10830,8.60%
Male,Woodlands,20 - 24,10320,8.20%
Male,Woodlands,25 - 29,9000,7.15%
Male,Woodlands,30 - 34,9050,7.19%
Male,Woodlands,35 - 39,9000,7.15%
Male,Woodlands,40 - 44,10010,7.95%
Male,Woodlands,45 - 49,11100,8.82%
Male,Woodlands,50 - 54,11060,8.79%
Male,Woodlands,55 - 59,8800,6.99%
Male,Woodlands,60 - 64,6100,4.85%
Male,Woodlands,65 - 69,3760,2.99%
Male,Woodlands,70 - 74,1860,1.48%
Male,Woodlands,75 - 79,1390,1.10%
Male,Woodlands,80 - 84,780,0.62%
Male,Woodlands,85 & Over,440,0.35%
Male,Yishun,0 - 4,5250,5.25%
Male,Yishun,5 - 9,5070,5.07%
Male,Yishun,10 - 14,5400,5.40%
Male,Yishun,15 - 19,6270,6.27%
Male,Yishun,20 - 24,7380,7.38%
Male,Yishun,25 - 29,8360,8.36%
Male,Yishun,30 - 34,8350,8.35%
Male,Yishun,35 - 39,7550,7.55%
Male,Yishun,40 - 44,7490,7.49%
Male,Yishun,45 - 49,7350,7.35%
Male,Yishun,50 - 54,8580,8.58%
Male,Yishun,55 - 59,7870,7.87%
Male,Yishun,60 - 64,6250,6.25%
Male,Yishun,65 - 69,4090,4.09%
Male,Yishun,70 - 74,2110,2.11%
Male,Yishun,75 - 79,1440,1.44%
Male,Yishun,80 - 84,780,0.78%
Male,Yishun,85 & Over,460,0.46%
